schoolId,name,level,branch,kessStatus,schoolinfoRawTotal,instructors,nativeInstructorSubset,normalized,regular,fixedTerm,kess,kessRegular,kessFixedTerm,status,evidenceFile
kedi:230041023,서운고등학교,high,False,기존(원)교,53,0,0,53,40,13,53,40,13,MATCH,docs\planning\incheon-v1\evidence\full-crosscheck-20260923\teacher-batch-001.json
kedi:230041040,가정고등학교,high,False,기존(원)교,79,4,0,75,59,16,75,59,16,MATCH,docs\planning\incheon-v1\evidence\full-crosscheck-20260923\teacher-batch-001.json
kedi:230041046,인천운남고등학교,high,False,신설(원)교,29,2,0,27,20,7,27,20,7,MATCH,docs\planning\incheon-v1\evidence\full-crosscheck-20260923\teacher-batch-001.json
kedi:230041058,가림고등학교,high,False,기존(원)교,70,0,0,70,57,13,70,57,13,MATCH,docs\planning\incheon-v1\evidence\full-crosscheck-20260923\teacher-batch-001.json
kedi:230041062,인천예일고등학교,high,False,기존(원)교,58,1,0,57,46,11,57,46,11,MATCH,docs\planning\incheon-v1\evidence\full-crosscheck-20260923\teacher-batch-001.json
kedi:230041069,인천논현고등학교,high,False,기존(원)교,59,0,0,59,48,11,59,48,11,MATCH,docs\planning\incheon-v1\evidence\full-crosscheck-20260923\teacher-batch-001.json
kedi:230041070,인천상정고등학교,high,False,기존(원)교,52,2,0,50,38,12,50,38,12,MATCH,docs\planning\incheon-v1\evidence\full-crosscheck-20260923\teacher-batch-001.json
kedi:230041071,인천세원고등학교,high,False,기존(원)교,49,0,0,49,41,8,49,41,8,MATCH,docs\planning\incheon-v1\evidence\full-crosscheck-20260923\teacher-batch-001.json
kedi:230041117,강화고등학교,high,False,기존(원)교,46,1,0,45,40,5,45,40,5,MATCH,docs\planning\incheon-v1\evidence\full-crosscheck-20260923\teacher-batch-001.json
kedi:230041126,강화여자고등학교,high,False,기존(원)교,54,1,0,53,43,10,53,43,10,MATCH,docs\planning\incheon-v1\evidence\full-crosscheck-20260923\teacher-batch-001.json
kedi:230041130,검단고등학교,high,False,기존(원)교,68,0,0,68,51,17,68,51,17,MATCH,docs\planning\incheon-v1\evidence\full-crosscheck-20260923\teacher-batch-001.json
kedi:230041135,계산고등학교,high,False,기존(원)교,53,3,0,50,38,12,50,38,12,MATCH,docs\planning\incheon-v1\evidence\full-crosscheck-20260923\teacher-batch-001.json
kedi:230041140,계산여자고등학교,high,False,기존(원)교,55,2,0,53,41,12,53,41,12,MATCH,docs\planning\incheon-v1\evidence\full-crosscheck-20260923\teacher-batch-001.json
kedi:230041144,교동고등학교,high,False,기존(원)교,17,0,0,17,16,1,17,16,1,MATCH,docs\planning\incheon-v1\evidence\full-crosscheck-20260923\teacher-batch-001.json
kedi:230041146,대청고등학교,high,False,기존(원)교,14,0,0,14,14,0,14,14,0,MATCH,docs\planning\incheon-v1\evidence\full-crosscheck-20260923\teacher-batch-001.json
kedi:230041157,덕적고등학교,high,False,기존(원)교,16,0,0,16,16,0,16,16,0,MATCH,docs\planning\incheon-v1\evidence\full-crosscheck-20260923\teacher-batch-001.json
kedi:230041170,동인천고등학교,high,False,기존(원)교,61,4,0,57,47,10,57,47,10,MATCH,docs\planning\incheon-v1\evidence\full-crosscheck-20260923\teacher-batch-001.json
kedi:230041174,인천아라고등학교,high,False,기존(원)교,97,1,0,96,76,20,96,76,20,MATCH,docs\planning\incheon-v1\evidence\full-crosscheck-20260923\teacher-batch-001.json
kedi:230041175,백석고등학교,high,False,기존(원)교,87,1,0,86,63,23,86,63,23,MATCH,docs\planning\incheon-v1\evidence\full-crosscheck-20260923\teacher-batch-001.json
kedi:230041179,부개여자고등학교,high,False,기존(원)교,48,1,0,47,42,5,47,42,5,MATCH,docs\planning\incheon-v1\evidence\full-crosscheck-20260923\teacher-batch-001.json
kedi:230041188,부광고등학교,high,False,기존(원)교,53,3,0,50,43,7,50,43,7,MATCH,docs\planning\incheon-v1\evidence\full-crosscheck-20260923\teacher-batch-001.json
kedi:230041205,부광여자고등학교,high,False,기존(원)교,51,2,0,49,42,7,49,42,7,MATCH,docs\planning\incheon-v1\evidence\full-crosscheck-20260923\teacher-batch-001.json
kedi:230041212,계양고등학교,high,False,기존(원)교,49,0,0,49,39,10,49,39,10,MATCH,docs\planning\incheon-v1\evidence\full-crosscheck-20260923\teacher-batch-001.json
kedi:230041220,부평여자고등학교,high,False,기존(원)교,54,1,0,53,44,9,53,44,9,MATCH,docs\planning\incheon-v1\evidence\full-crosscheck-20260923\teacher-batch-001.json
kedi:230041230,인제고등학교,high,False,기존(원)교,67,0,0,67,34,33,67,34,33,MATCH,docs\planning\incheon-v1\evidence\full-crosscheck-20260923\teacher-batch-001.json
kedi:230041231,석정여자고등학교,high,False,기존(원)교,68,4,0,64,51,13,64,51,13,MATCH,docs\planning\incheon-v1\evidence\full-crosscheck-20260923\teacher-batch-001.json
kedi:230041235,인천중산고등학교,high,False,기존(원)교,82,0,0,82,64,18,82,64,18,MATCH,docs\planning\incheon-v1\evidence\full-crosscheck-20260923\teacher-batch-001.json
kedi:230041240,부평고등학교,high,False,기존(원)교,57,1,0,56,47,9,56,47,9,MATCH,docs\planning\incheon-v1\evidence\full-crosscheck-20260923\teacher-batch-001.json
kedi:230041254,인명여자고등학교,high,False,기존(원)교,74,0,0,74,62,12,74,62,12,MATCH,docs\planning\incheon-v1\evidence\full-crosscheck-20260923\teacher-batch-001.json
kedi:230041284,삼산고등학교,high,False,기존(원)교,56,2,0,54,45,9,54,45,9,MATCH,docs\planning\incheon-v1\evidence\full-crosscheck-20260923\teacher-batch-001.json
kedi:230041287,인화여자고등학교,high,False,기존(원)교,58,4,0,54,45,9,54,45,9,MATCH,docs\planning\incheon-v1\evidence\full-crosscheck-20260923\teacher-batch-001.json
kedi:230041292,서도고등학교,high,False,기존(원)교,9,1,0,8,7,1,8,7,1,MATCH,docs\planning\incheon-v1\evidence\full-crosscheck-20260923\teacher-batch-001.json
kedi:230041300,인천송천고등학교,high,False,기존(원)교,64,6,0,58,47,11,58,47,11,MATCH,docs\planning\incheon-v1\evidence\full-crosscheck-20260923\teacher-batch-001.json
kedi:230041301,인천초은고등학교,high,False,기존(원)교,70,2,0,68,56,12,68,56,12,MATCH,docs\planning\incheon-v1\evidence\full-crosscheck-20260923\teacher-batch-001.json
kedi:230041302,인천청라고등학교,high,False,기존(원)교,73,2,0,71,51,20,71,51,20,MATCH,docs\planning\incheon-v1\evidence\full-crosscheck-20260923\teacher-batch-001.json
kedi:230041303,인천하늘고등학교,high,False,기존(원)교,58,3,0,55,38,17,55,38,17,MATCH,docs\planning\incheon-v1\evidence\full-crosscheck-20260923\teacher-batch-001.json
kedi:230041304,인천연송고등학교,high,False,기존(원)교,70,2,0,68,52,16,68,52,16,MATCH,docs\planning\incheon-v1\evidence\full-crosscheck-20260923\teacher-batch-001.json
kedi:230041305,인천영종고등학교,high,False,기존(원)교,72,1,0,71,52,19,71,52,19,MATCH,docs\planning\incheon-v1\evidence\full-crosscheck-20260923\teacher-batch-001.json
kedi:230041306,인천해원고등학교,high,False,기존(원)교,68,1,0,67,54,13,67,54,13,MATCH,docs\planning\incheon-v1\evidence\full-crosscheck-20260923\teacher-batch-001.json
kedi:230041307,인천포스코고등학교,high,False,기존(원)교,58,3,0,55,40,15,55,40,15,MATCH,docs\planning\incheon-v1\evidence\full-crosscheck-20260923\teacher-batch-001.json
kedi:230041310,선인고등학교,high,False,기존(원)교,55,0,0,55,46,9,55,46,9,MATCH,docs\planning\incheon-v1\evidence\full-crosscheck-20260923\teacher-batch-001.json
kedi:230041328,연수고등학교,high,False,기존(원)교,79,2,0,77,60,17,77,60,17,MATCH,docs\planning\incheon-v1\evidence\full-crosscheck-20260923\teacher-batch-001.json
kedi:230041332,연수여자고등학교,high,False,기존(원)교,80,3,0,77,62,15,77,62,15,MATCH,docs\planning\incheon-v1\evidence\full-crosscheck-20260923\teacher-batch-001.json
kedi:230041333,백령고등학교,high,False,기존(원)교,23,0,0,23,22,1,23,22,1,MATCH,docs\planning\incheon-v1\evidence\full-crosscheck-20260923\teacher-batch-001.json
kedi:230041336,연평고등학교,high,False,기존(원)교,15,0,0,15,15,0,15,15,0,MATCH,docs\planning\incheon-v1\evidence\full-crosscheck-20260923\teacher-batch-001.json
kedi:230041380,인천고등학교,high,False,기존(원)교,69,0,0,69,57,12,69,57,12,MATCH,docs\planning\incheon-v1\evidence\full-crosscheck-20260923\teacher-batch-001.json
kedi:230041397,인천공항고등학교,high,False,기존(원)교,63,1,0,62,47,15,62,47,15,MATCH,docs\planning\incheon-v1\evidence\full-crosscheck-20260923\teacher-batch-001.json
kedi:230041437,인천남고등학교,high,False,기존(원)교,65,0,0,65,50,15,65,50,15,MATCH,docs\planning\incheon-v1\evidence\full-crosscheck-20260923\teacher-batch-001.json
kedi:230041450,인천여자고등학교,high,False,기존(원)교,81,1,0,80,67,13,80,67,13,MATCH,docs\planning\incheon-v1\evidence\full-crosscheck-20260923\teacher-batch-001.json
kedi:230041508,인천영흥고등학교,high,False,기존(원)교,19,0,0,19,18,1,19,18,1,MATCH,docs\planning\incheon-v1\evidence\full-crosscheck-20260923\teacher-batch-001.json
kedi:230041555,제물포고등학교,high,False,기존(원)교,58,4,0,54,42,12,54,42,12,MATCH,docs\planning\incheon-v1\evidence\full-crosscheck-20260923\teacher-batch-001.json
kedi:230041569,학익고등학교,high,False,기존(원)교,55,0,0,55,46,9,55,46,9,MATCH,docs\planning\incheon-v1\evidence\full-crosscheck-20260923\teacher-batch-001.json
kedi:230041583,학익여자고등학교,high,False,기존(원)교,83,2,0,81,67,14,81,67,14,MATCH,docs\planning\incheon-v1\evidence\full-crosscheck-20260923\teacher-batch-001.json
kedi:230041584,인천해송고등학교,high,False,기존(원)교,65,0,0,65,55,10,65,55,10,MATCH,docs\planning\incheon-v1\evidence\full-crosscheck-20260923\teacher-batch-001.json
kedi:230041585,인천고잔고등학교,high,False,기존(원)교,65,1,0,64,53,11,64,53,11,MATCH,docs\planning\incheon-v1\evidence\full-crosscheck-20260923\teacher-batch-001.json
kedi:230041591,인천효성고등학교,high,False,기존(원)교,53,1,0,52,43,9,52,43,9,MATCH,docs\planning\incheon-v1\evidence\full-crosscheck-20260923\teacher-batch-001.json
kedi:230041614,인천영선고등학교,high,False,기존(원)교,61,4,0,57,46,11,57,46,11,MATCH,docs\planning\incheon-v1\evidence\full-crosscheck-20260923\teacher-batch-001.json
kedi:230041615,인천원당고등학교,high,False,기존(원)교,80,5,0,75,56,19,75,56,19,MATCH,docs\planning\incheon-v1\evidence\full-crosscheck-20260923\teacher-batch-001.json
kedi:230041623,광성고등학교,high,False,기존(원)교,45,0,0,45,21,24,45,21,24,MATCH,docs\planning\incheon-v1\evidence\full-crosscheck-20260923\teacher-batch-001.json
kedi:230041635,산마을고등학교,high,False,기존(원)교,13,0,0,13,9,4,13,9,4,MATCH,docs\planning\incheon-v1\evidence\full-crosscheck-20260923\teacher-batch-001.json
kedi:230041646,인천대건고등학교,high,False,기존(원)교,75,3,0,72,51,21,72,51,21,MATCH,docs\planning\incheon-v1\evidence\full-crosscheck-20260923\teacher-batch-001.json
kedi:230041652,대인고등학교,high,False,기존(원)교,66,3,0,63,45,18,63,45,18,MATCH,docs\planning\incheon-v1\evidence\full-crosscheck-20260923\teacher-batch-001.json
kedi:230041657,덕신고등학교,high,False,기존(원)교,28,3,0,25,15,10,25,15,10,MATCH,docs\planning\incheon-v1\evidence\full-crosscheck-20260923\teacher-batch-001.json
kedi:230041669,동산고등학교,high,False,기존(원)교,50,3,0,47,36,11,47,36,11,MATCH,docs\planning\incheon-v1\evidence\full-crosscheck-20260923\teacher-batch-001.json
kedi:230041681,인일여자고등학교,high,False,기존(원)교,60,4,0,56,45,11,56,45,11,MATCH,docs\planning\incheon-v1\evidence\full-crosscheck-20260923\teacher-batch-001.json
kedi:230041692,명신여자고등학교,high,False,기존(원)교,47,3,0,44,27,17,44,27,17,MATCH,docs\planning\incheon-v1\evidence\full-crosscheck-20260923\teacher-batch-001.json
kedi:230041713,인천산곡고등학교,high,False,기존(원)교,58,0,0,58,47,11,58,47,11,MATCH,docs\planning\incheon-v1\evidence\full-crosscheck-20260923\teacher-batch-001.json
kedi:230041715,문일여자고등학교,high,False,기존(원)교,85,2,0,83,49,34,83,49,34,MATCH,docs\planning\incheon-v1\evidence\full-crosscheck-20260923\teacher-batch-001.json
kedi:230041738,박문여자고등학교,high,False,기존(원)교,69,2,0,67,41,26,67,41,26,MATCH,docs\planning\incheon-v1\evidence\full-crosscheck-20260923\teacher-batch-001.json
kedi:230041761,서인천고등학교,high,False,기존(원)교,87,0,0,87,58,29,87,58,29,MATCH,docs\planning\incheon-v1\evidence\full-crosscheck-20260923\teacher-batch-001.json
kedi:230041778,인천마전고등학교,high,False,기존(원)교,57,0,0,57,42,15,57,42,15,MATCH,docs\planning\incheon-v1\evidence\full-crosscheck-20260923\teacher-batch-001.json
kedi:230041807,세일고등학교,high,False,기존(원)교,53,1,0,52,28,24,52,28,24,MATCH,docs\planning\incheon-v1\evidence\full-crosscheck-20260923\teacher-batch-001.json
kedi:230041819,인천이음고등학교,high,False,기존(원)교,81,2,0,79,58,21,79,58,21,MATCH,docs\planning\incheon-v1\evidence\full-crosscheck-20260923\teacher-batch-001.json
kedi:230041830,송도고등학교,high,False,기존(원)교,74,0,0,74,48,26,74,48,26,MATCH,docs\planning\incheon-v1\evidence\full-crosscheck-20260923\teacher-batch-001.json
kedi:230041853,숭덕여자고등학교,high,False,기존(원)교,77,3,0,74,48,26,74,48,26,MATCH,docs\planning\incheon-v1\evidence\full-crosscheck-20260923\teacher-batch-001.json
kedi:230041876,신명여자고등학교,high,False,기존(원)교,72,0,0,72,38,34,72,38,34,MATCH,docs\planning\incheon-v1\evidence\full-crosscheck-20260923\teacher-batch-001.json
kedi:230041922,인성여자고등학교,high,False,기존(원)교,53,2,0,51,36,15,51,36,15,MATCH,docs\planning\incheon-v1\evidence\full-crosscheck-20260923\teacher-batch-001.json
kedi:230041945,인하대학교사범대학부속고등학교,high,False,기존(원)교,52,0,0,52,35,17,52,35,17,MATCH,docs\planning\incheon-v1\evidence\full-crosscheck-20260923\teacher-batch-001.json
kedi:230041953,제일고등학교,high,False,기존(원)교,45,0,0,45,31,14,45,31,14,MATCH,docs\planning\incheon-v1\evidence\full-crosscheck-20260923\teacher-batch-001.json
kedi:230041968,인항고등학교,high,False,기존(원)교,45,0,0,45,30,15,45,30,15,MATCH,docs\planning\incheon-v1\evidence\full-crosscheck-20260923\teacher-batch-001.json
kedi:230041986,안남고등학교,high,False,기존(원)교,52,0,0,52,42,10,52,42,10,MATCH,docs\planning\incheon-v1\evidence\full-crosscheck-20260923\teacher-batch-002.json
kedi:230041987,작전고등학교,high,False,기존(원)교,52,0,0,52,42,10,52,42,10,MATCH,docs\planning\incheon-v1\evidence\full-crosscheck-20260923\teacher-batch-002.json
kedi:230041988,작전여자고등학교,high,False,기존(원)교,50,1,0,49,42,7,49,42,7,MATCH,docs\planning\incheon-v1\evidence\full-crosscheck-20260923\teacher-batch-002.json
kedi:230041989,옥련여자고등학교,high,False,기존(원)교,76,4,0,72,58,14,72,58,14,MATCH,docs\planning\incheon-v1\evidence\full-crosscheck-20260923\teacher-batch-002.json
kedi:230041990,가좌고등학교,high,False,기존(원)교,75,2,0,73,56,17,73,56,17,MATCH,docs\planning\incheon-v1\evidence\full-crosscheck-20260923\teacher-batch-002.json
kedi:230041992,부개고등학교,high,False,기존(원)교,54,2,0,52,45,7,52,45,7,MATCH,docs\planning\incheon-v1\evidence\full-crosscheck-20260923\teacher-batch-002.json
kedi:230041993,도림고등학교,high,False,기존(원)교,60,2,0,58,48,10,58,48,10,MATCH,docs\planning\incheon-v1\evidence\full-crosscheck-20260923\teacher-batch-002.json
kedi:230041994,인천부흥고등학교,high,False,기존(원)교,53,3,0,50,43,7,50,43,7,MATCH,docs\planning\incheon-v1\evidence\full-crosscheck-20260923\teacher-batch-002.json
kedi:230041995,신송고등학교,high,False,기존(원)교,79,5,0,74,60,14,74,60,14,MATCH,docs\planning\incheon-v1\evidence\full-crosscheck-20260923\teacher-batch-002.json
kedi:230041996,인천만수고등학교,high,False,기존(원)교,68,1,0,67,47,20,67,47,20,MATCH,docs\planning\incheon-v1\evidence\full-crosscheck-20260923\teacher-batch-002.json
kedi:230041997,인천신현고등학교,high,False,기존(원)교,72,4,0,68,54,14,68,54,14,MATCH,docs\planning\incheon-v1\evidence\full-crosscheck-20260923\teacher-batch-002.json
kedi:230041998,인천남동고등학교,high,False,기존(원)교,62,0,0,62,50,12,62,50,12,MATCH,docs\planning\incheon-v1\evidence\full-crosscheck-20260923\teacher-batch-002.json
kedi:230042485,인천체육고등학교,high,False,기존(원)교,36,0,0,36,33,3,36,33,3,MATCH,docs\planning\incheon-v1\evidence\full-crosscheck-20260923\teacher-batch-002.json
kedi:230043415,인천과학고등학교,high,False,기존(원)교,43,2,0,41,36,5,41,36,5,MATCH,docs\planning\incheon-v1\evidence\full-crosscheck-20260923\teacher-batch-002.json
kedi:230043613,인천진산과학고등학교,high,False,기존(원)교,43,1,0,42,38,4,42,38,4,MATCH,docs\planning\incheon-v1\evidence\full-crosscheck-20260923\teacher-batch-002.json
kedi:230043777,인천과학예술영재학교,high,False,기존(원)교,58,3,0,55,50,5,55,50,5,MATCH,docs\planning\incheon-v1\evidence\full-crosscheck-20260923\teacher-batch-002.json
kedi:230044467,인천예술고등학교,high,False,기존(원)교,66,2,0,64,56,8,64,56,8,MATCH,docs\planning\incheon-v1\evidence\full-crosscheck-20260923\teacher-batch-002.json
kedi:230045586,미추홀외국어고등학교,high,False,기존(원)교,78,1,0,77,64,13,77,64,13,MATCH,docs\planning\incheon-v1\evidence\full-crosscheck-20260923\teacher-batch-002.json
kedi:230045888,인천외국어고등학교,high,False,기존(원)교,64,5,4,59,34,25,59,34,25,MATCH,docs\planning\incheon-v1\evidence\full-crosscheck-20260923\teacher-batch-002.json
kedi:230046001,인천국제고등학교,high,False,기존(원)교,58,0,0,58,50,8,58,50,8,MATCH,docs\planning\incheon-v1\evidence\full-crosscheck-20260923\teacher-batch-002.json
kedi:230052031,인평자동차고등학교,high,False,기존(원)교,42,0,0,42,26,16,42,26,16,MATCH,docs\planning\incheon-v1\evidence\full-crosscheck-20260923\teacher-batch-002.json
kedi:230052043,계산공업고등학교,high,False,기존(원)교,77,3,0,74,58,16,74,58,16,MATCH,docs\planning\incheon-v1\evidence\full-crosscheck-20260923\teacher-batch-002.json
kedi:230052094,인천미래생활고등학교,high,False,기존(원)교,76,1,0,75,59,16,75,59,16,MATCH,docs\planning\incheon-v1\evidence\full-crosscheck-20260923\teacher-batch-002.json
kedi:230052109,강남영상미디어고등학교,high,False,기존(원)교,39,5,0,34,25,9,34,25,9,MATCH,docs\planning\incheon-v1\evidence\full-crosscheck-20260923\teacher-batch-002.json
kedi:230052145,부평공업고등학교,high,False,기존(원)교,63,0,0,63,49,14,63,49,14,MATCH,docs\planning\incheon-v1\evidence\full-crosscheck-20260923\teacher-batch-002.json
kedi:230052325,인천대중예술고등학교,high,False,기존(원)교,68,5,0,63,50,13,63,50,13,MATCH,docs\planning\incheon-v1\evidence\full-crosscheck-20260923\teacher-batch-002.json
kedi:230052370,인천소방고등학교,high,False,기존(원)교,82,3,0,79,55,24,79,55,24,MATCH,docs\planning\incheon-v1\evidence\full-crosscheck-20260923\teacher-batch-002.json
kedi:230052415,인천기계공업고등학교,high,False,기존(원)교,104,1,0,103,79,24,103,79,24,MATCH,docs\planning\incheon-v1\evidence\full-crosscheck-20260923\teacher-batch-002.json
kedi:230052435,인천디자인고등학교,high,False,기존(원)교,80,1,0,79,57,22,79,57,22,MATCH,docs\planning\incheon-v1\evidence\full-crosscheck-20260923\teacher-batch-002.json
kedi:230052512,인천전자마이스터고등학교,high,False,기존(원)교,79,4,0,75,66,9,75,66,9,MATCH,docs\planning\incheon-v1\evidence\full-crosscheck-20260923\teacher-batch-002.json
kedi:230052520,인천반도체고등학교,high,False,기존(원)교,77,5,0,72,55,17,72,55,17,MATCH,docs\planning\incheon-v1\evidence\full-crosscheck-20260923\teacher-batch-002.json
kedi:230052535,인천바이오과학고등학교,high,False,기존(원)교,75,0,0,75,56,19,75,56,19,MATCH,docs\planning\incheon-v1\evidence\full-crosscheck-20260923\teacher-batch-002.json
kedi:230052684,재능고등학교,high,False,기존(원)교,82,10,0,72,49,23,72,49,23,MATCH,docs\planning\incheon-v1\evidence\full-crosscheck-20260923\teacher-batch-002.json
kedi:230052908,정석항공과학고등학교,high,False,기존(원)교,63,5,0,58,34,24,58,34,24,MATCH,docs\planning\incheon-v1\evidence\full-crosscheck-20260923\teacher-batch-002.json
kedi:230052985,한국주얼리고등학교,high,False,기존(원)교,33,3,0,30,19,11,30,19,11,MATCH,docs\planning\incheon-v1\evidence\full-crosscheck-20260923\teacher-batch-002.json
kedi:230053053,인천비즈니스고등학교,high,False,기존(원)교,56,0,0,56,43,13,56,43,13,MATCH,docs\planning\incheon-v1\evidence\full-crosscheck-20260923\teacher-batch-002.json
kedi:230053132,문학정보고등학교,high,False,기존(원)교,59,0,0,59,42,17,59,42,17,MATCH,docs\planning\incheon-v1\evidence\full-crosscheck-20260923\teacher-batch-002.json
kedi:230053257,영종국제물류고등학교,high,False,기존(원)교,37,2,0,35,27,8,35,27,8,MATCH,docs\planning\incheon-v1\evidence\full-crosscheck-20260923\teacher-batch-002.json
kedi:230053505,인천여자상업고등학교,high,False,기존(원)교,58,0,0,58,38,20,58,38,20,MATCH,docs\planning\incheon-v1\evidence\full-crosscheck-20260923\teacher-batch-002.json
kedi:230053628,인천보건고등학교,high,False,기존(원)교,53,1,0,52,22,30,52,22,30,MATCH,docs\planning\incheon-v1\evidence\full-crosscheck-20260923\teacher-batch-002.json
kedi:230053740,인천금융고등학교,high,False,기존(원)교,62,2,0,60,32,28,60,32,28,MATCH,docs\planning\incheon-v1\evidence\full-crosscheck-20260923\teacher-batch-002.json
kedi:230053775,문곡고등학교,high,False,기존(원)교,63,0,0,63,37,26,63,37,26,MATCH,docs\planning\incheon-v1\evidence\full-crosscheck-20260923\teacher-batch-002.json
kedi:230053880,영화국제관광고등학교,high,False,기존(원)교,59,5,0,54,44,10,54,44,10,MATCH,docs\planning\incheon-v1\evidence\full-crosscheck-20260923\teacher-batch-002.json
kedi:230053964,인천중앙여자고등학교,high,False,기존(원)교,52,2,0,50,25,25,50,25,25,MATCH,docs\planning\incheon-v1\evidence\full-crosscheck-20260923\teacher-batch-002.json
kedi:230054530,인천해양과학고등학교,high,False,기존(원)교,56,0,0,56,39,17,56,39,17,MATCH,docs\planning\incheon-v1\evidence\full-crosscheck-20260923\teacher-batch-002.json
kedi:230055050,인천해사고등학교,high,False,기존(원)교,53,0,0,53,39,14,53,39,14,MATCH,docs\planning\incheon-v1\evidence\full-crosscheck-20260923\teacher-batch-002.json
kedi:230056225,한국글로벌셰프고등학교,high,False,기존(원)교,31,0,0,31,18,13,31,18,13,MATCH,docs\planning\incheon-v1\evidence\full-crosscheck-20260923\teacher-batch-002.json
kedi:230057267,인천생활과학고등학교,high,False,기존(원)교,67,2,0,65,51,14,65,51,14,MATCH,docs\planning\incheon-v1\evidence\full-crosscheck-20260923\teacher-batch-002.json
kedi:230057475,인천뷰티예술고등학교,high,False,기존(원)교,74,10,0,64,50,14,64,50,14,MATCH,docs\planning\incheon-v1\evidence\full-crosscheck-20260923\teacher-batch-002.json
kedi:230061950,인천혜광학교,special,False,기존(원)교,40,0,0,40,27,13,40,27,13,MATCH,docs\planning\incheon-v1\evidence\full-crosscheck-20260923\teacher-batch-002.json
kedi:230062666,인천성동학교,special,False,기존(원)교,33,0,0,33,18,15,33,18,15,MATCH,docs\planning\incheon-v1\evidence\full-crosscheck-20260923\teacher-batch-002.json
kedi:230063011,인천청선학교,special,False,기존(원)교,90,0,0,90,67,23,90,67,23,MATCH,docs\planning\incheon-v1\evidence\full-crosscheck-20260923\teacher-batch-002.json
kedi:230063111,인천청인학교,special,False,기존(원)교,112,0,0,112,82,30,112,82,30,MATCH,docs\planning\incheon-v1\evidence\full-crosscheck-20260923\teacher-batch-002.json
kedi:230063112,인천서희학교,special,False,기존(원)교,108,1,0,107,82,25,107,82,25,MATCH,docs\planning\incheon-v1\evidence\full-crosscheck-20260923\teacher-batch-002.json
kedi:230063225,인천연일학교,special,False,기존(원)교,88,0,0,88,70,18,88,70,18,MATCH,docs\planning\incheon-v1\evidence\full-crosscheck-20260923\teacher-batch-002.json
kedi:230063230,인천예림학교,special,False,기존(원)교,48,0,0,48,32,16,48,32,16,MATCH,docs\planning\incheon-v1\evidence\full-crosscheck-20260923\teacher-batch-002.json
kedi:230063350,인천인혜학교,special,False,기존(원)교,94,1,0,93,68,25,93,68,25,MATCH,docs\planning\incheon-v1\evidence\full-crosscheck-20260923\teacher-batch-002.json
kedi:230063351,미추홀학교,special,False,기존(원)교,81,0,0,81,60,21,81,60,21,MATCH,docs\planning\incheon-v1\evidence\full-crosscheck-20260923\teacher-batch-002.json
kedi:230063864,인천은광학교,special,False,기존(원)교,36,0,0,36,23,13,36,23,13,MATCH,docs\planning\incheon-v1\evidence\full-crosscheck-20260923\teacher-batch-002.json
kedi:231021021,덕적초등학교,elem,False,기존(원)교,7,0,0,7,7,0,7,7,0,MATCH,docs\planning\incheon-v1\evidence\full-crosscheck-20260923\teacher-batch-002.json
kedi:231021100,인천용학초등학교,elem,False,기존(원)교,67,0,0,67,59,8,67,59,8,MATCH,docs\planning\incheon-v1\evidence\full-crosscheck-20260923\teacher-batch-002.json
kedi:231021109,인천남부초등학교이작분교장,elem,True,기존(원)교,2,0,0,2,2,0,2,2,0,MATCH,docs\planning\incheon-v1\evidence\full-crosscheck-20260923\teacher-batch-002.json
kedi:231021112,인천공항초등학교,elem,False,기존(원)교,33,1,0,32,27,5,32,27,5,MATCH,docs\planning\incheon-v1\evidence\full-crosscheck-20260923\teacher-batch-002.json
kedi:231021124,인천관교초등학교,elem,False,기존(원)교,32,0,0,32,29,3,32,29,3,MATCH,docs\planning\incheon-v1\evidence\full-crosscheck-20260923\teacher-batch-002.json
kedi:231021164,인천남부초등학교,elem,False,기존(원)교,28,0,0,28,24,4,28,24,4,MATCH,docs\planning\incheon-v1\evidence\full-crosscheck-20260923\teacher-batch-002.json
kedi:231021169,인천삼목초등학교장봉분교장,elem,True,휴(원)교,,,,,,,0,0,0,NO_DISCLOSURE,docs\planning\incheon-v1\evidence\full-crosscheck-20260923\teacher-batch-002.json
kedi:231021171,인천영종초등학교금산분교장,elem,True,기존(원)교,9,0,0,9,8,1,9,8,1,MATCH,docs\planning\incheon-v1\evidence\full-crosscheck-20260923\teacher-batch-002.json
kedi:231021184,대청초등학교,elem,False,기존(원)교,8,0,0,8,8,0,8,8,0,MATCH,docs\planning\incheon-v1\evidence\full-crosscheck-20260923\teacher-batch-002.json
kedi:231021188,인천대화초등학교,elem,False,기존(원)교,29,0,0,29,27,2,29,27,2,MATCH,docs\planning\incheon-v1\evidence\full-crosscheck-20260923\teacher-batch-002.json
kedi:231021204,인천도화초등학교,elem,False,기존(원)교,62,0,0,62,52,10,62,52,10,MATCH,docs\planning\incheon-v1\evidence\full-crosscheck-20260923\teacher-batch-002.json
kedi:231021231,인천송림초등학교,elem,False,기존(원)교,34,0,0,34,33,1,34,33,1,MATCH,docs\planning\incheon-v1\evidence\full-crosscheck-20260923\teacher-batch-002.json
kedi:231021232,인천만석초등학교,elem,False,기존(원)교,26,0,0,26,23,3,26,23,3,MATCH,docs\planning\incheon-v1\evidence\full-crosscheck-20260923\teacher-batch-002.json
kedi:231021268,인천문학초등학교,elem,False,기존(원)교,40,1,0,39,36,3,39,36,3,MATCH,docs\planning\incheon-v1\evidence\full-crosscheck-20260923\teacher-batch-002.json
kedi:231021272,백령초등학교,elem,False,기존(원)교,12,0,0,12,12,0,12,12,0,MATCH,docs\planning\incheon-v1\evidence\full-crosscheck-20260923\teacher-batch-002.json
kedi:231021276,인천백학초등학교,elem,False,기존(원)교,28,1,0,27,23,4,27,23,4,MATCH,docs\planning\incheon-v1\evidence\full-crosscheck-20260923\teacher-batch-002.json
kedi:231021277,인천공항초등학교신도분교장,elem,True,기존(원)교,3,0,0,3,3,0,3,3,0,MATCH,docs\planning\incheon-v1\evidence\full-crosscheck-20260923\teacher-batch-002.json
kedi:231021280,북포초등학교,elem,False,기존(원)교,13,0,0,13,13,0,13,13,0,MATCH,docs\planning\incheon-v1\evidence\full-crosscheck-20260923\teacher-batch-002.json
kedi:231021295,인천별빛초등학교,elem,False,기존(원)교,75,0,0,75,72,3,75,72,3,MATCH,docs\planning\incheon-v1\evidence\full-crosscheck-20260923\teacher-batch-002.json
kedi:231021296,인천서림초등학교,elem,False,기존(원)교,35,1,0,34,31,3,34,31,3,MATCH,docs\planning\incheon-v1\evidence\full-crosscheck-20260923\teacher-batch-002.json
kedi:231021300,인천서화초등학교,elem,False,기존(원)교,79,0,0,79,73,6,79,73,6,MATCH,docs\planning\incheon-v1\evidence\full-crosscheck-20260923\teacher-batch-002.json
kedi:231021304,인천서흥초등학교,elem,False,기존(원)교,34,0,0,34,30,4,34,30,4,MATCH,docs\planning\incheon-v1\evidence\full-crosscheck-20260923\teacher-batch-003.json
kedi:231021308,인천석암초등학교,elem,False,기존(원)교,70,0,0,70,63,7,70,63,7,MATCH,docs\planning\incheon-v1\evidence\full-crosscheck-20260923\teacher-batch-003.json
kedi:231021348,인천송월초등학교,elem,False,기존(원)교,21,0,0,21,19,2,21,19,2,MATCH,docs\planning\incheon-v1\evidence\full-crosscheck-20260923\teacher-batch-003.json
kedi:231021349,인천용현남초등학교자월분교장,elem,True,기존(원)교,2,0,0,2,2,0,2,2,0,MATCH,docs\planning\incheon-v1\evidence\full-crosscheck-20260923\teacher-batch-003.json
kedi:231021352,인천송현초등학교,elem,False,기존(원)교,28,0,0,28,25,3,28,25,3,MATCH,docs\planning\incheon-v1\evidence\full-crosscheck-20260923\teacher-batch-003.json
kedi:231021356,인천숭의초등학교,elem,False,기존(원)교,79,0,0,79,70,9,79,70,9,MATCH,docs\planning\incheon-v1\evidence\full-crosscheck-20260923\teacher-batch-003.json
kedi:231021364,인천승학초등학교,elem,False,기존(원)교,27,1,0,26,22,4,26,22,4,MATCH,docs\planning\incheon-v1\evidence\full-crosscheck-20260923\teacher-batch-003.json
kedi:231021378,인천신선초등학교,elem,False,기존(원)교,23,0,0,23,20,3,23,20,3,MATCH,docs\planning\incheon-v1\evidence\full-crosscheck-20260923\teacher-batch-003.json
kedi:231021380,인천신흥초등학교,elem,False,기존(원)교,36,0,0,36,32,4,36,32,4,MATCH,docs\planning\incheon-v1\evidence\full-crosscheck-20260923\teacher-batch-003.json
kedi:231021404,인천연안초등학교,elem,False,기존(원)교,18,0,0,18,14,4,18,14,4,MATCH,docs\planning\incheon-v1\evidence\full-crosscheck-20260923\teacher-batch-003.json
kedi:231021406,연평초등학교,elem,False,기존(원)교,10,0,0,10,10,0,10,10,0,MATCH,docs\planning\incheon-v1\evidence\full-crosscheck-20260923\teacher-batch-003.json
kedi:231021412,인천영종초등학교,elem,False,기존(원)교,73,0,0,73,67,6,73,67,6,MATCH,docs\planning\incheon-v1\evidence\full-crosscheck-20260923\teacher-batch-003.json
kedi:231021416,영흥초등학교,elem,False,기존(원)교,18,0,0,18,17,1,18,17,1,MATCH,docs\planning\incheon-v1\evidence\full-crosscheck-20260923\teacher-batch-003.json
kedi:231021420,인천용유초등학교,elem,False,기존(원)교,13,0,0,13,10,3,13,10,3,MATCH,docs\planning\incheon-v1\evidence\full-crosscheck-20260923\teacher-batch-003.json
kedi:231021428,인천용일초등학교,elem,False,기존(원)교,28,0,0,28,25,3,28,25,3,MATCH,docs\planning\incheon-v1\evidence\full-crosscheck-20260923\teacher-batch-003.json
kedi:231021436,인천용정초등학교,elem,False,기존(원)교,26,0,0,26,23,3,26,23,3,MATCH,docs\planning\incheon-v1\evidence\full-crosscheck-20260923\teacher-batch-003.json
kedi:231021444,인천용현초등학교,elem,False,기존(원)교,88,0,0,88,77,11,88,77,11,MATCH,docs\planning\incheon-v1\evidence\full-crosscheck-20260923\teacher-batch-003.json
kedi:231021452,인천용현남초등학교,elem,False,기존(원)교,72,0,0,72,65,7,72,65,7,MATCH,docs\planning\incheon-v1\evidence\full-crosscheck-20260923\teacher-batch-003.json
kedi:231021460,인천운서초등학교,elem,False,기존(원)교,40,0,0,40,35,5,40,35,5,MATCH,docs\planning\incheon-v1\evidence\full-crosscheck-20260923\teacher-batch-003.json
kedi:231021464,영화초등학교,elem,False,기존(원)교,17,0,0,17,15,2,17,15,2,MATCH,docs\planning\incheon-v1\evidence\full-crosscheck-20260923\teacher-batch-003.json
kedi:231021465,인천주안남초등학교승봉분교장,elem,True,휴(원)교,,,,,,,0,0,0,NO_DISCLOSURE,docs\planning\incheon-v1\evidence\full-crosscheck-20260923\teacher-batch-003.json
kedi:231021475,인천인주초등학교,elem,False,기존(원)교,34,0,0,34,31,3,34,31,3,MATCH,docs\planning\incheon-v1\evidence\full-crosscheck-20260923\teacher-batch-003.json
kedi:231021478,인천달빛초등학교,elem,False,신설(원)교,19,1,0,18,15,3,18,15,3,MATCH,docs\planning\incheon-v1\evidence\full-crosscheck-20260923\teacher-batch-003.json
kedi:231021492,인천신광초등학교,elem,False,기존(원)교,51,0,0,51,47,4,51,47,4,MATCH,docs\planning\incheon-v1\evidence\full-crosscheck-20260923\teacher-batch-003.json
kedi:231021500,인천주안초등학교,elem,False,기존(원)교,67,0,0,67,58,9,67,58,9,MATCH,docs\planning\incheon-v1\evidence\full-crosscheck-20260923\teacher-batch-003.json
kedi:231021510,인천주안남초등학교,elem,False,기존(원)교,34,0,0,34,31,3,34,31,3,MATCH,docs\planning\incheon-v1\evidence\full-crosscheck-20260923\teacher-batch-003.json
kedi:231021516,인천주안북초등학교,elem,False,기존(원)교,34,0,0,34,32,2,34,32,2,MATCH,docs\planning\incheon-v1\evidence\full-crosscheck-20260923\teacher-batch-003.json
kedi:231021533,인천창영초등학교,elem,False,기존(원)교,27,0,0,27,24,3,27,24,3,MATCH,docs\planning\incheon-v1\evidence\full-crosscheck-20260923\teacher-batch-003.json
kedi:231021538,인천윤슬초등학교,elem,False,신설(원)교,42,0,0,42,38,4,42,38,4,MATCH,docs\planning\incheon-v1\evidence\full-crosscheck-20260923\teacher-batch-003.json
kedi:231021548,인천학익초등학교,elem,False,기존(원)교,29,0,0,29,27,2,29,27,2,MATCH,docs\planning\incheon-v1\evidence\full-crosscheck-20260923\teacher-batch-003.json
kedi:231021556,인천연학초등학교,elem,False,기존(원)교,31,0,0,31,30,1,31,30,1,MATCH,docs\planning\incheon-v1\evidence\full-crosscheck-20260923\teacher-batch-003.json
kedi:231021557,인천삼목초등학교,elem,False,기존(원)교,38,0,0,38,32,6,38,32,6,MATCH,docs\planning\incheon-v1\evidence\full-crosscheck-20260923\teacher-batch-003.json
kedi:231021558,인천학산초등학교,elem,False,기존(원)교,52,2,0,50,46,4,50,46,4,MATCH,docs\planning\incheon-v1\evidence\full-crosscheck-20260923\teacher-batch-003.json
kedi:231021559,인천경원초등학교,elem,False,기존(원)교,57,0,0,57,53,4,57,53,4,MATCH,docs\planning\incheon-v1\evidence\full-crosscheck-20260923\teacher-batch-003.json
kedi:231021588,인천운남초등학교,elem,False,기존(원)교,39,1,0,38,32,6,38,32,6,MATCH,docs\planning\incheon-v1\evidence\full-crosscheck-20260923\teacher-batch-003.json
kedi:231021667,인천동명초등학교,elem,False,기존(원)교,21,0,0,21,19,2,21,19,2,MATCH,docs\planning\incheon-v1\evidence\full-crosscheck-20260923\teacher-batch-003.json
kedi:231021866,인성초등학교,elem,False,기존(원)교,23,0,0,23,21,2,23,21,2,MATCH,docs\planning\incheon-v1\evidence\full-crosscheck-20260923\teacher-batch-003.json
kedi:231021867,인천중산초등학교,elem,False,기존(원)교,87,0,0,87,78,9,87,78,9,MATCH,docs\planning\incheon-v1\evidence\full-crosscheck-20260923\teacher-batch-003.json
kedi:231031031,덕적중학교,mid,False,기존(원)교,6,0,0,6,6,0,6,6,0,MATCH,docs\planning\incheon-v1\evidence\full-crosscheck-20260923\teacher-batch-003.json
kedi:231031120,인천공항중학교,mid,False,기존(원)교,62,0,0,62,43,19,62,43,19,MATCH,docs\planning\incheon-v1\evidence\full-crosscheck-20260923\teacher-batch-003.json
kedi:231031130,관교중학교,mid,False,기존(원)교,64,0,0,64,47,17,64,47,17,MATCH,docs\planning\incheon-v1\evidence\full-crosscheck-20260923\teacher-batch-003.json
kedi:231031145,관교여자중학교,mid,False,기존(원)교,53,1,0,52,40,12,52,40,12,MATCH,docs\planning\incheon-v1\evidence\full-crosscheck-20260923\teacher-batch-003.json
kedi:231031190,인천남중학교,mid,False,기존(원)교,42,0,0,42,33,9,42,33,9,MATCH,docs\planning\incheon-v1\evidence\full-crosscheck-20260923\teacher-batch-003.json
kedi:231031220,남인천여자중학교,mid,False,기존(원)교,54,2,0,52,39,13,52,39,13,MATCH,docs\planning\incheon-v1\evidence\full-crosscheck-20260923\teacher-batch-003.json
kedi:231031225,대청중학교,mid,False,기존(원)교,7,0,0,7,6,1,7,6,1,MATCH,docs\planning\incheon-v1\evidence\full-crosscheck-20260923\teacher-batch-003.json
kedi:231031231,신흥여자중학교,mid,False,기존(원)교,39,0,0,39,28,11,39,28,11,MATCH,docs\planning\incheon-v1\evidence\full-crosscheck-20260923\teacher-batch-003.json
kedi:231031307,선인중학교,mid,False,기존(원)교,31,0,0,31,23,8,31,23,8,MATCH,docs\planning\incheon-v1\evidence\full-crosscheck-20260923\teacher-batch-003.json
kedi:231031330,백령중학교,mid,False,기존(원)교,15,0,0,15,15,0,15,15,0,MATCH,docs\planning\incheon-v1\evidence\full-crosscheck-20260923\teacher-batch-003.json
kedi:231031400,선화여자중학교,mid,False,기존(원)교,38,0,0,38,26,12,38,26,12,MATCH,docs\planning\incheon-v1\evidence\full-crosscheck-20260923\teacher-batch-003.json
kedi:231031415,신흥중학교,mid,False,기존(원)교,37,0,0,37,28,9,37,28,9,MATCH,docs\planning\incheon-v1\evidence\full-crosscheck-20260923\teacher-batch-003.json
kedi:231031467,연평중학교,mid,False,기존(원)교,6,0,0,6,6,0,6,6,0,MATCH,docs\planning\incheon-v1\evidence\full-crosscheck-20260923\teacher-batch-003.json
kedi:231031475,영종중학교,mid,False,기존(원)교,57,1,0,56,40,16,56,40,16,MATCH,docs\planning\incheon-v1\evidence\full-crosscheck-20260923\teacher-batch-003.json
kedi:231031482,영흥중학교,mid,False,기존(원)교,16,0,0,16,16,0,16,16,0,MATCH,docs\planning\incheon-v1\evidence\full-crosscheck-20260923\teacher-batch-003.json
kedi:231031490,용유중학교,mid,False,기존(원)교,18,0,0,18,14,4,18,14,4,MATCH,docs\planning\incheon-v1\evidence\full-crosscheck-20260923\teacher-batch-003.json
kedi:231031505,용현중학교,mid,False,기존(원)교,51,0,0,51,40,11,51,40,11,MATCH,docs\planning\incheon-v1\evidence\full-crosscheck-20260923\teacher-batch-003.json
kedi:231031520,용현여자중학교,mid,False,기존(원)교,52,2,0,50,38,12,50,38,12,MATCH,docs\planning\incheon-v1\evidence\full-crosscheck-20260923\teacher-batch-003.json
kedi:231031565,인화여자중학교,mid,False,기존(원)교,65,0,0,65,45,20,65,45,20,MATCH,docs\planning\incheon-v1\evidence\full-crosscheck-20260923\teacher-batch-003.json
kedi:231031580,제물포여자중학교,mid,False,기존(원)교,34,0,0,34,28,6,34,28,6,MATCH,docs\planning\incheon-v1\evidence\full-crosscheck-20260923\teacher-batch-003.json
kedi:231031594,화도진중학교,mid,False,기존(원)교,37,2,0,35,25,10,35,25,10,MATCH,docs\planning\incheon-v1\evidence\full-crosscheck-20260923\teacher-batch-003.json
kedi:231031595,인주중학교,mid,False,기존(원)교,62,0,0,62,44,18,62,44,18,MATCH,docs\planning\incheon-v1\evidence\full-crosscheck-20260923\teacher-batch-003.json
kedi:231031645,인천운서중학교,mid,False,기존(원)교,45,0,0,45,33,12,45,33,12,MATCH,docs\planning\incheon-v1\evidence\full-crosscheck-20260923\teacher-batch-003.json
kedi:231031657,광성중학교,mid,False,기존(원)교,34,0,0,34,15,19,34,15,19,MATCH,docs\planning\incheon-v1\evidence\full-crosscheck-20260923\teacher-batch-003.json
kedi:231031671,재능중학교,mid,False,기존(원)교,30,1,0,29,21,8,29,21,8,MATCH,docs\planning\incheon-v1\evidence\full-crosscheck-20260923\teacher-batch-003.json
kedi:231031685,동산중학교,mid,False,기존(원)교,43,0,0,43,28,15,43,28,15,MATCH,docs\planning\incheon-v1\evidence\full-crosscheck-20260923\teacher-batch-003.json
kedi:231031714,송도중학교,mid,False,기존(원)교,28,1,0,27,20,7,27,20,7,MATCH,docs\planning\incheon-v1\evidence\full-crosscheck-20260923\teacher-batch-003.json
kedi:231031828,인성여자중학교,mid,False,기존(원)교,26,1,0,25,20,5,25,20,5,MATCH,docs\planning\incheon-v1\evidence\full-crosscheck-20260923\teacher-batch-003.json
kedi:231031885,인하대학교사범대학부속중학교,mid,False,기존(원)교,53,0,0,53,30,23,53,30,23,MATCH,docs\planning\incheon-v1\evidence\full-crosscheck-20260923\teacher-batch-003.json
kedi:231031886,인천중산중학교,mid,False,기존(원)교,62,0,0,62,46,16,62,46,16,MATCH,docs\planning\incheon-v1\evidence\full-crosscheck-20260923\teacher-batch-003.json
kedi:231031965,인천하늘중학교,mid,False,기존(원)교,60,1,0,59,46,13,59,46,13,MATCH,docs\planning\incheon-v1\evidence\full-crosscheck-20260923\teacher-batch-003.json
kedi:232021024,인천개흥초등학교,elem,False,기존(원)교,36,0,0,36,30,6,36,30,6,MATCH,docs\planning\incheon-v1\evidence\full-crosscheck-20260923\teacher-batch-003.json
kedi:232021072,인천대정초등학교,elem,False,기존(원)교,32,0,0,32,28,4,32,28,4,MATCH,docs\planning\incheon-v1\evidence\full-crosscheck-20260923\teacher-batch-003.json
kedi:232021093,인천상정초등학교,elem,False,기존(원)교,27,0,0,27,22,5,27,22,5,MATCH,docs\planning\incheon-v1\evidence\full-crosscheck-20260923\teacher-batch-003.json
kedi:232021132,인천갈산초등학교,elem,False,기존(원)교,22,0,0,22,19,3,22,19,3,MATCH,docs\planning\incheon-v1\evidence\full-crosscheck-20260923\teacher-batch-003.json
kedi:232021136,인천갈월초등학교,elem,False,기존(원)교,37,0,0,37,33,4,37,33,4,MATCH,docs\planning\incheon-v1\evidence\full-crosscheck-20260923\teacher-batch-003.json
kedi:232021166,인천구산초등학교,elem,False,기존(원)교,26,0,0,26,22,4,26,22,4,MATCH,docs\planning\incheon-v1\evidence\full-crosscheck-20260923\teacher-batch-003.json
kedi:232021180,인천동수초등학교,elem,False,기존(원)교,50,0,0,50,42,8,50,42,8,MATCH,docs\planning\incheon-v1\evidence\full-crosscheck-20260923\teacher-batch-003.json
kedi:232021188,인천동암초등학교,elem,False,기존(원)교,33,1,0,32,29,3,32,29,3,MATCH,docs\planning\incheon-v1\evidence\full-crosscheck-20260923\teacher-batch-003.json
kedi:232021196,인천마곡초등학교,elem,False,기존(원)교,17,0,0,17,16,1,17,16,1,MATCH,docs\planning\incheon-v1\evidence\full-crosscheck-20260923\teacher-batch-003.json
kedi:232021200,인천마장초등학교,elem,False,기존(원)교,38,0,0,38,33,5,38,33,5,MATCH,docs\planning\incheon-v1\evidence\full-crosscheck-20260923\teacher-batch-003.json
kedi:232021206,인천미산초등학교,elem,False,기존(원)교,23,1,0,22,21,1,22,21,1,MATCH,docs\planning\incheon-v1\evidence\full-crosscheck-20260923\teacher-batch-003.json
kedi:232021218,인천백운초등학교,elem,False,기존(원)교,35,0,0,35,29,6,35,29,6,MATCH,docs\planning\incheon-v1\evidence\full-crosscheck-20260923\teacher-batch-004.json
kedi:232021228,인천부개초등학교,elem,False,기존(원)교,22,0,0,22,19,3,22,19,3,MATCH,docs\planning\incheon-v1\evidence\full-crosscheck-20260923\teacher-batch-004.json
kedi:232021236,인천부개서초등학교,elem,False,기존(원)교,61,0,0,61,57,4,61,57,4,MATCH,docs\planning\incheon-v1\evidence\full-crosscheck-20260923\teacher-batch-004.json
kedi:232021240,인천부곡초등학교,elem,False,기존(원)교,53,0,0,53,47,6,53,47,6,MATCH,docs\planning\incheon-v1\evidence\full-crosscheck-20260923\teacher-batch-004.json
kedi:232021244,인천부광초등학교,elem,False,기존(원)교,31,0,0,31,28,3,31,28,3,MATCH,docs\planning\incheon-v1\evidence\full-crosscheck-20260923\teacher-batch-004.json
kedi:232021248,인천부내초등학교,elem,False,기존(원)교,39,1,0,38,33,5,38,33,5,MATCH,docs\planning\incheon-v1\evidence\full-crosscheck-20260923\teacher-batch-004.json
kedi:232021250,인천부마초등학교,elem,False,기존(원)교,42,0,0,42,37,5,42,37,5,MATCH,docs\planning\incheon-v1\evidence\full-crosscheck-20260923\teacher-batch-004.json
kedi:232021252,인천부원초등학교,elem,False,기존(원)교,40,1,0,39,34,5,39,34,5,MATCH,docs\planning\incheon-v1\evidence\full-crosscheck-20260923\teacher-batch-004.json
kedi:232021276,인천부평남초등학교,elem,False,기존(원)교,61,0,0,61,57,4,61,57,4,MATCH,docs\planning\incheon-v1\evidence\full-crosscheck-20260923\teacher-batch-004.json
kedi:232021284,인천부평동초등학교,elem,False,기존(원)교,68,0,0,68,63,5,68,63,5,MATCH,docs\planning\incheon-v1\evidence\full-crosscheck-20260923\teacher-batch-004.json
kedi:232021292,인천부평북초등학교,elem,False,기존(원)교,30,0,0,30,26,4,30,26,4,MATCH,docs\planning\incheon-v1\evidence\full-crosscheck-20260923\teacher-batch-004.json
kedi:232021300,인천부평서초등학교,elem,False,기존(원)교,52,0,0,52,46,6,52,46,6,MATCH,docs\planning\incheon-v1\evidence\full-crosscheck-20260923\teacher-batch-004.json
kedi:232021308,인천부흥초등학교,elem,False,기존(원)교,73,0,0,73,66,7,73,66,7,MATCH,docs\planning\incheon-v1\evidence\full-crosscheck-20260923\teacher-batch-004.json
kedi:232021312,인천부일초등학교,elem,False,기존(원)교,27,0,0,27,24,3,27,24,3,MATCH,docs\planning\incheon-v1\evidence\full-crosscheck-20260923\teacher-batch-004.json
kedi:232021316,인천산곡초등학교,elem,False,기존(원)교,32,0,0,32,29,3,32,29,3,MATCH,docs\planning\incheon-v1\evidence\full-crosscheck-20260923\teacher-batch-004.json
kedi:232021324,인천산곡남초등학교,elem,False,기존(원)교,29,0,0,29,29,0,29,29,0,MATCH,docs\planning\incheon-v1\evidence\full-crosscheck-20260923\teacher-batch-004.json
kedi:232021332,인천산곡북초등학교,elem,False,기존(원)교,38,0,0,38,32,6,38,32,6,MATCH,docs\planning\incheon-v1\evidence\full-crosscheck-20260923\teacher-batch-004.json
kedi:232021340,인천삼산초등학교,elem,False,기존(원)교,36,2,0,34,30,4,34,30,4,MATCH,docs\planning\incheon-v1\evidence\full-crosscheck-20260923\teacher-batch-004.json
kedi:232021344,인천용마초등학교,elem,False,기존(원)교,39,0,0,39,36,3,39,36,3,MATCH,docs\planning\incheon-v1\evidence\full-crosscheck-20260923\teacher-batch-004.json
kedi:232021434,인천계산초등학교,elem,False,기존(원)교,24,0,0,24,24,0,24,24,0,MATCH,docs\planning\incheon-v1\evidence\full-crosscheck-20260923\teacher-batch-004.json
kedi:232021435,인천계양초등학교,elem,False,기존(원)교,23,0,0,23,20,3,23,20,3,MATCH,docs\planning\incheon-v1\evidence\full-crosscheck-20260923\teacher-batch-004.json
kedi:232021436,인천신촌초등학교,elem,False,기존(원)교,36,0,0,36,32,4,36,32,4,MATCH,docs\planning\incheon-v1\evidence\full-crosscheck-20260923\teacher-batch-004.json
kedi:232021437,인천계양초등학교상야분교장,elem,True,기존(원)교,5,0,0,5,4,1,5,4,1,MATCH,docs\planning\incheon-v1\evidence\full-crosscheck-20260923\teacher-batch-004.json
kedi:232021438,인천귤현초등학교,elem,False,기존(원)교,33,0,0,33,29,4,33,29,4,MATCH,docs\planning\incheon-v1\evidence\full-crosscheck-20260923\teacher-batch-004.json
kedi:232021439,인천길주초등학교,elem,False,기존(원)교,32,0,0,32,28,4,32,28,4,MATCH,docs\planning\incheon-v1\evidence\full-crosscheck-20260923\teacher-batch-004.json
kedi:232021440,인천당산초등학교,elem,False,기존(원)교,40,0,0,40,38,2,40,38,2,MATCH,docs\planning\incheon-v1\evidence\full-crosscheck-20260923\teacher-batch-004.json
kedi:232021441,인천명현초등학교,elem,False,기존(원)교,28,0,0,28,24,4,28,24,4,MATCH,docs\planning\incheon-v1\evidence\full-crosscheck-20260923\teacher-batch-004.json
kedi:232021442,인천병방초등학교,elem,False,기존(원)교,26,0,0,26,24,2,26,24,2,MATCH,docs\planning\incheon-v1\evidence\full-crosscheck-20260923\teacher-batch-004.json
kedi:232021443,인천부평초등학교,elem,False,기존(원)교,24,0,0,24,19,5,24,19,5,MATCH,docs\planning\incheon-v1\evidence\full-crosscheck-20260923\teacher-batch-004.json
kedi:232021444,인천부현동초등학교,elem,False,기존(원)교,30,0,0,30,28,2,30,28,2,MATCH,docs\planning\incheon-v1\evidence\full-crosscheck-20260923\teacher-batch-004.json
kedi:232021445,인천부현초등학교,elem,False,기존(원)교,26,0,0,26,24,2,26,24,2,MATCH,docs\planning\incheon-v1\evidence\full-crosscheck-20260923\teacher-batch-004.json
kedi:232021446,인천서운초등학교,elem,False,기존(원)교,33,0,0,33,30,3,33,30,3,MATCH,docs\planning\incheon-v1\evidence\full-crosscheck-20260923\teacher-batch-004.json
kedi:232021447,인천성지초등학교,elem,False,기존(원)교,23,0,0,23,21,2,23,21,2,MATCH,docs\planning\incheon-v1\evidence\full-crosscheck-20260923\teacher-batch-004.json
kedi:232021448,인천소양초등학교,elem,False,기존(원)교,30,0,0,30,27,3,30,27,3,MATCH,docs\planning\incheon-v1\evidence\full-crosscheck-20260923\teacher-batch-004.json
kedi:232021449,인천신대초등학교,elem,False,기존(원)교,33,1,0,32,30,2,32,30,2,MATCH,docs\planning\incheon-v1\evidence\full-crosscheck-20260923\teacher-batch-004.json
kedi:232021450,인천안남초등학교,elem,False,기존(원)교,26,0,0,26,23,3,26,23,3,MATCH,docs\planning\incheon-v1\evidence\full-crosscheck-20260923\teacher-batch-004.json
kedi:232021451,인천안산초등학교,elem,False,기존(원)교,24,0,0,24,22,2,24,22,2,MATCH,docs\planning\incheon-v1\evidence\full-crosscheck-20260923\teacher-batch-004.json
kedi:232021452,인천양촌초등학교,elem,False,기존(원)교,19,0,0,19,18,1,19,18,1,MATCH,docs\planning\incheon-v1\evidence\full-crosscheck-20260923\teacher-batch-004.json
kedi:232021453,인천작동초등학교,elem,False,기존(원)교,34,0,0,34,31,3,34,31,3,MATCH,docs\planning\incheon-v1\evidence\full-crosscheck-20260923\teacher-batch-004.json
kedi:232021454,인천작전초등학교,elem,False,기존(원)교,25,0,0,25,23,2,25,23,2,MATCH,docs\planning\incheon-v1\evidence\full-crosscheck-20260923\teacher-batch-004.json
kedi:232021455,인천해서초등학교,elem,False,기존(원)교,18,0,0,18,16,2,18,16,2,MATCH,docs\planning\incheon-v1\evidence\full-crosscheck-20260923\teacher-batch-004.json
kedi:232021456,인천화전초등학교,elem,False,기존(원)교,49,0,0,49,43,6,49,43,6,MATCH,docs\planning\incheon-v1\evidence\full-crosscheck-20260923\teacher-batch-004.json
kedi:232021457,인천효성남초등학교,elem,False,기존(원)교,40,0,0,40,36,4,40,36,4,MATCH,docs\planning\incheon-v1\evidence\full-crosscheck-20260923\teacher-batch-004.json
kedi:232021458,인천효성동초등학교,elem,False,기존(원)교,37,1,0,36,33,3,36,33,3,MATCH,docs\planning\incheon-v1\evidence\full-crosscheck-20260923\teacher-batch-004.json
kedi:232021459,인천효성서초등학교,elem,False,기존(원)교,27,0,0,27,26,1,27,26,1,MATCH,docs\planning\incheon-v1\evidence\full-crosscheck-20260923\teacher-batch-004.json
kedi:232021460,인천십정초등학교,elem,False,기존(원)교,24,0,0,24,21,3,24,21,3,MATCH,docs\planning\incheon-v1\evidence\full-crosscheck-20260923\teacher-batch-004.json
kedi:232021461,경인교육대학교부설초등학교,elem,False,기존(원)교,34,0,0,34,33,1,34,33,1,MATCH,docs\planning\incheon-v1\evidence\full-crosscheck-20260923\teacher-batch-004.json
kedi:232021462,인천효성초등학교,elem,False,기존(원)교,23,0,0,23,22,1,23,22,1,MATCH,docs\planning\incheon-v1\evidence\full-crosscheck-20260923\teacher-batch-004.json
kedi:232021476,인천일신초등학교,elem,False,기존(원)교,25,0,0,25,23,2,25,23,2,MATCH,docs\planning\incheon-v1\evidence\full-crosscheck-20260923\teacher-batch-004.json
kedi:232021516,인천청천초등학교,elem,False,기존(원)교,75,0,0,75,67,8,75,67,8,MATCH,docs\planning\incheon-v1\evidence\full-crosscheck-20260923\teacher-batch-004.json
kedi:232021524,인천하정초등학교,elem,False,기존(원)교,35,0,0,35,30,5,35,30,5,MATCH,docs\planning\incheon-v1\evidence\full-crosscheck-20260923\teacher-batch-004.json
kedi:232021528,인천한길초등학교,elem,False,기존(원)교,35,0,0,35,29,6,35,29,6,MATCH,docs\planning\incheon-v1\evidence\full-crosscheck-20260923\teacher-batch-004.json
kedi:232021557,인천후정초등학교,elem,False,기존(원)교,24,0,0,24,22,2,24,22,2,MATCH,docs\planning\incheon-v1\evidence\full-crosscheck-20260923\teacher-batch-004.json
kedi:232021558,인천굴포초등학교,elem,False,기존(원)교,40,0,0,40,37,3,40,37,3,MATCH,docs\planning\incheon-v1\evidence\full-crosscheck-20260923\teacher-batch-004.json
kedi:232021559,인천진산초등학교,elem,False,기존(원)교,24,0,0,24,20,4,24,20,4,MATCH,docs\planning\incheon-v1\evidence\full-crosscheck-20260923\teacher-batch-004.json
kedi:232021601,인천영선초등학교,elem,False,기존(원)교,40,0,0,40,36,4,40,36,4,MATCH,docs\planning\incheon-v1\evidence\full-crosscheck-20260923\teacher-batch-004.json
kedi:232021602,인천금마초등학교,elem,False,기존(원)교,25,0,0,25,21,4,25,21,4,MATCH,docs\planning\incheon-v1\evidence\full-crosscheck-20260923\teacher-batch-004.json
kedi:232021900,한일초등학교,elem,False,기존(원)교,18,1,0,17,14,3,17,14,3,MATCH,docs\planning\incheon-v1\evidence\full-crosscheck-20260923\teacher-batch-004.json
kedi:232031017,구산중학교,mid,False,기존(원)교,56,0,0,56,45,11,56,45,11,MATCH,docs\planning\incheon-v1\evidence\full-crosscheck-20260923\teacher-batch-004.json
kedi:232031021,인천상정중학교,mid,False,기존(원)교,36,0,0,36,25,11,36,25,11,MATCH,docs\planning\incheon-v1\evidence\full-crosscheck-20260923\teacher-batch-004.json
kedi:232031164,갈산중학교,mid,False,기존(원)교,34,1,0,33,26,7,33,26,7,MATCH,docs\planning\incheon-v1\evidence\full-crosscheck-20260923\teacher-batch-004.json
kedi:232031228,동암중학교,mid,False,기존(원)교,33,0,0,33,24,9,33,24,9,MATCH,docs\planning\incheon-v1\evidence\full-crosscheck-20260923\teacher-batch-004.json
kedi:232031260,부광중학교,mid,False,기존(원)교,44,0,0,44,35,9,44,35,9,MATCH,docs\planning\incheon-v1\evidence\full-crosscheck-20260923\teacher-batch-004.json
kedi:232031276,부원중학교,mid,False,기존(원)교,55,0,0,55,41,14,55,41,14,MATCH,docs\planning\incheon-v1\evidence\full-crosscheck-20260923\teacher-batch-004.json
kedi:232031284,부원여자중학교,mid,False,기존(원)교,61,1,0,60,47,13,60,47,13,MATCH,docs\planning\incheon-v1\evidence\full-crosscheck-20260923\teacher-batch-004.json
kedi:232031292,부일중학교,mid,False,기존(원)교,35,0,0,35,29,6,35,29,6,MATCH,docs\planning\incheon-v1\evidence\full-crosscheck-20260923\teacher-batch-004.json
kedi:232031308,인천동수중학교,mid,False,기존(원)교,39,0,0,39,30,9,39,30,9,MATCH,docs\planning\incheon-v1\evidence\full-crosscheck-20260923\teacher-batch-004.json
kedi:232031324,부평중학교,mid,False,기존(원)교,31,0,0,31,26,5,31,26,5,MATCH,docs\planning\incheon-v1\evidence\full-crosscheck-20260923\teacher-batch-004.json
kedi:232031356,부평서중학교,mid,False,기존(원)교,28,0,0,28,18,10,28,18,10,MATCH,docs\planning\incheon-v1\evidence\full-crosscheck-20260923\teacher-batch-004.json
kedi:232031372,부평서여자중학교,mid,False,기존(원)교,31,0,0,31,25,6,31,25,6,MATCH,docs\planning\incheon-v1\evidence\full-crosscheck-20260923\teacher-batch-004.json
kedi:232031388,부평여자중학교,mid,False,기존(원)교,36,0,0,36,27,9,36,27,9,MATCH,docs\planning\incheon-v1\evidence\full-crosscheck-20260923\teacher-batch-004.json
kedi:232031404,부흥중학교,mid,False,기존(원)교,35,0,0,35,28,7,35,28,7,MATCH,docs\planning\incheon-v1\evidence\full-crosscheck-20260923\teacher-batch-004.json
kedi:232031436,산곡중학교,mid,False,기존(원)교,31,0,0,31,24,7,31,24,7,MATCH,docs\planning\incheon-v1\evidence\full-crosscheck-20260923\teacher-batch-004.json
kedi:232031452,산곡남중학교,mid,False,기존(원)교,56,0,0,56,42,14,56,42,14,MATCH,docs\planning\incheon-v1\evidence\full-crosscheck-20260923\teacher-batch-004.json
kedi:232031463,계산여자중학교,mid,False,기존(원)교,35,0,0,35,25,10,35,25,10,MATCH,docs\planning\incheon-v1\evidence\full-crosscheck-20260923\teacher-batch-004.json
kedi:232031464,계산중학교,mid,False,기존(원)교,37,1,0,36,30,6,36,30,6,MATCH,docs\planning\incheon-v1\evidence\full-crosscheck-20260923\teacher-batch-004.json
kedi:232031465,계양중학교,mid,False,기존(원)교,37,0,0,37,30,7,37,30,7,MATCH,docs\planning\incheon-v1\evidence\full-crosscheck-20260923\teacher-batch-004.json
kedi:232031466,명현중학교,mid,False,기존(원)교,43,0,0,43,32,11,43,32,11,MATCH,docs\planning\incheon-v1\evidence\full-crosscheck-20260923\teacher-batch-004.json
kedi:232031467,북인천여자중학교,mid,False,기존(원)교,33,0,0,33,26,7,33,26,7,MATCH,docs\planning\incheon-v1\evidence\full-crosscheck-20260923\teacher-batch-004.json
kedi:232031468,산곡여자중학교,mid,False,기존(원)교,62,0,0,62,45,17,62,45,17,MATCH,docs\planning\incheon-v1\evidence\full-crosscheck-20260923\teacher-batch-004.json
kedi:232031469,북인천중학교,mid,False,기존(원)교,28,0,0,28,21,7,28,21,7,MATCH,docs\planning\incheon-v1\evidence\full-crosscheck-20260923\teacher-batch-005.json
kedi:232031470,서운중학교,mid,False,기존(원)교,50,0,0,50,43,7,50,43,7,MATCH,docs\planning\incheon-v1\evidence\full-crosscheck-20260923\teacher-batch-005.json
kedi:232031471,인천계수중학교,mid,False,기존(원)교,61,1,0,60,48,12,60,48,12,MATCH,docs\planning\incheon-v1\evidence\full-crosscheck-20260923\teacher-batch-005.json
kedi:232031472,인천동양중학교,mid,False,기존(원)교,39,1,0,38,28,10,38,28,10,MATCH,docs\planning\incheon-v1\evidence\full-crosscheck-20260923\teacher-batch-005.json
kedi:232031473,인천안남중학교,mid,False,기존(원)교,28,0,0,28,22,6,28,22,6,MATCH,docs\planning\incheon-v1\evidence\full-crosscheck-20260923\teacher-batch-005.json
kedi:232031474,인천양촌중학교,mid,False,기존(원)교,28,1,0,27,18,9,27,18,9,MATCH,docs\planning\incheon-v1\evidence\full-crosscheck-20260923\teacher-batch-005.json
kedi:232031475,인천예일중학교,mid,False,기존(원)교,31,2,0,29,18,11,29,18,11,MATCH,docs\planning\incheon-v1\evidence\full-crosscheck-20260923\teacher-batch-005.json
kedi:232031476,인천효성중학교,mid,False,기존(원)교,30,0,0,30,27,3,30,27,3,MATCH,docs\planning\incheon-v1\evidence\full-crosscheck-20260923\teacher-batch-005.json
kedi:232031477,임학중학교,mid,False,기존(원)교,32,0,0,32,25,7,32,25,7,MATCH,docs\planning\incheon-v1\evidence\full-crosscheck-20260923\teacher-batch-005.json
kedi:232031478,작전중학교,mid,False,기존(원)교,33,0,0,33,26,7,33,26,7,MATCH,docs\planning\incheon-v1\evidence\full-crosscheck-20260923\teacher-batch-005.json
kedi:232031548,청천중학교,mid,False,기존(원)교,46,0,0,46,34,12,46,34,12,MATCH,docs\planning\incheon-v1\evidence\full-crosscheck-20260923\teacher-batch-005.json
kedi:232031549,삼산중학교,mid,False,기존(원)교,62,0,0,62,51,11,62,51,11,MATCH,docs\planning\incheon-v1\evidence\full-crosscheck-20260923\teacher-batch-005.json
kedi:232031550,진산중학교,mid,False,기존(원)교,62,0,0,62,47,15,62,47,15,MATCH,docs\planning\incheon-v1\evidence\full-crosscheck-20260923\teacher-batch-005.json
kedi:232031776,부평동중학교,mid,False,기존(원)교,30,0,0,30,25,5,30,25,5,MATCH,docs\planning\incheon-v1\evidence\full-crosscheck-20260923\teacher-batch-005.json
kedi:233021110,인천첨단초등학교,elem,False,기존(원)교,92,1,0,91,82,9,91,82,9,MATCH,docs\planning\incheon-v1\evidence\full-crosscheck-20260923\teacher-batch-005.json
kedi:233021111,인천예송초등학교,elem,False,기존(원)교,73,0,0,73,64,9,73,64,9,MATCH,docs\planning\incheon-v1\evidence\full-crosscheck-20260923\teacher-batch-005.json
kedi:233021115,인천간석초등학교,elem,False,기존(원)교,35,0,0,35,34,1,35,34,1,MATCH,docs\planning\incheon-v1\evidence\full-crosscheck-20260923\teacher-batch-005.json
kedi:233021133,인천장서초등학교,elem,False,기존(원)교,80,0,0,80,73,7,80,73,7,MATCH,docs\planning\incheon-v1\evidence\full-crosscheck-20260923\teacher-batch-005.json
kedi:233021134,인천송일초등학교,elem,False,기존(원)교,62,0,0,62,55,7,62,55,7,MATCH,docs\planning\incheon-v1\evidence\full-crosscheck-20260923\teacher-batch-005.json
kedi:233021135,인천연송초등학교,elem,False,기존(원)교,70,0,0,70,64,6,70,64,6,MATCH,docs\planning\incheon-v1\evidence\full-crosscheck-20260923\teacher-batch-005.json
kedi:233021145,인천구월초등학교,elem,False,기존(원)교,30,0,0,30,29,1,30,29,1,MATCH,docs\planning\incheon-v1\evidence\full-crosscheck-20260923\teacher-batch-005.json
kedi:233021154,인천송빛초등학교,elem,False,기존(원)교,71,0,0,71,61,10,71,61,10,MATCH,docs\planning\incheon-v1\evidence\full-crosscheck-20260923\teacher-batch-005.json
kedi:233021160,인천구월서초등학교,elem,False,기존(원)교,55,0,0,55,53,2,55,53,2,MATCH,docs\planning\incheon-v1\evidence\full-crosscheck-20260923\teacher-batch-005.json
kedi:233021175,인천남동초등학교,elem,False,기존(원)교,28,0,0,28,25,3,28,25,3,MATCH,docs\planning\incheon-v1\evidence\full-crosscheck-20260923\teacher-batch-005.json
kedi:233021179,인천남촌초등학교,elem,False,기존(원)교,28,0,0,28,27,1,28,27,1,MATCH,docs\planning\incheon-v1\evidence\full-crosscheck-20260923\teacher-batch-005.json
kedi:233021183,인천논곡초등학교,elem,False,기존(원)교,40,0,0,40,36,4,40,36,4,MATCH,docs\planning\incheon-v1\evidence\full-crosscheck-20260923\teacher-batch-005.json
kedi:233021186,인천현송초등학교,elem,False,기존(원)교,50,0,0,50,46,4,50,46,4,MATCH,docs\planning\incheon-v1\evidence\full-crosscheck-20260923\teacher-batch-005.json
kedi:233021198,인천능허대초등학교,elem,False,기존(원)교,41,0,0,41,37,4,41,37,4,MATCH,docs\planning\incheon-v1\evidence\full-crosscheck-20260923\teacher-batch-005.json
kedi:233021205,인천담방초등학교,elem,False,기존(원)교,27,0,0,27,24,3,27,24,3,MATCH,docs\planning\incheon-v1\evidence\full-crosscheck-20260923\teacher-batch-005.json
kedi:233021220,인천도림초등학교,elem,False,기존(원)교,27,0,0,27,24,3,27,24,3,MATCH,docs\planning\incheon-v1\evidence\full-crosscheck-20260923\teacher-batch-005.json
kedi:233021235,인천동막초등학교,elem,False,기존(원)교,28,0,0,28,23,5,28,23,5,MATCH,docs\planning\incheon-v1\evidence\full-crosscheck-20260923\teacher-batch-005.json
kedi:233021246,인천명선초등학교,elem,False,기존(원)교,59,2,0,57,52,5,57,52,5,MATCH,docs\planning\incheon-v1\evidence\full-crosscheck-20260923\teacher-batch-005.json
kedi:233021247,인천송원초등학교,elem,False,기존(원)교,52,0,0,52,47,5,52,47,5,MATCH,docs\planning\incheon-v1\evidence\full-crosscheck-20260923\teacher-batch-005.json
kedi:233021248,인천한빛초등학교,elem,False,기존(원)교,51,1,0,50,45,5,50,45,5,MATCH,docs\planning\incheon-v1\evidence\full-crosscheck-20260923\teacher-batch-005.json
kedi:233021250,인천동부초등학교,elem,False,기존(원)교,33,0,0,33,29,4,33,29,4,MATCH,docs\planning\incheon-v1\evidence\full-crosscheck-20260923\teacher-batch-005.json
kedi:233021265,인천동춘초등학교,elem,False,기존(원)교,41,0,0,41,38,3,41,38,3,MATCH,docs\planning\incheon-v1\evidence\full-crosscheck-20260923\teacher-batch-005.json
kedi:233021280,인천만수초등학교,elem,False,기존(원)교,23,0,0,23,20,3,23,20,3,MATCH,docs\planning\incheon-v1\evidence\full-crosscheck-20260923\teacher-batch-005.json
kedi:233021295,인천만수북초등학교,elem,False,기존(원)교,41,0,0,41,37,4,41,37,4,MATCH,docs\planning\incheon-v1\evidence\full-crosscheck-20260923\teacher-batch-005.json
kedi:233021300,인천사리울초등학교,elem,False,기존(원)교,34,1,0,33,28,5,33,28,5,MATCH,docs\planning\incheon-v1\evidence\full-crosscheck-20260923\teacher-batch-005.json
kedi:233021301,인천송천초등학교,elem,False,기존(원)교,26,0,0,26,24,2,26,24,2,MATCH,docs\planning\incheon-v1\evidence\full-crosscheck-20260923\teacher-batch-005.json
kedi:233021302,인천신정초등학교,elem,False,기존(원)교,76,0,0,76,72,4,76,72,4,MATCH,docs\planning\incheon-v1\evidence\full-crosscheck-20260923\teacher-batch-005.json
kedi:233021303,인천원동초등학교,elem,False,기존(원)교,46,0,0,46,43,3,46,43,3,MATCH,docs\planning\incheon-v1\evidence\full-crosscheck-20260923\teacher-batch-005.json
kedi:233021310,인천만월초등학교,elem,False,기존(원)교,53,0,0,53,49,4,53,49,4,MATCH,docs\planning\incheon-v1\evidence\full-crosscheck-20260923\teacher-batch-005.json
kedi:233021325,인천문남초등학교,elem,False,기존(원)교,41,0,0,41,38,3,41,38,3,MATCH,docs\planning\incheon-v1\evidence\full-crosscheck-20260923\teacher-batch-005.json
kedi:233021340,상인천초등학교,elem,False,기존(원)교,33,1,0,32,29,3,32,29,3,MATCH,docs\planning\incheon-v1\evidence\full-crosscheck-20260923\teacher-batch-005.json
kedi:233021355,인천서면초등학교,elem,False,기존(원)교,33,0,0,33,26,7,33,26,7,MATCH,docs\planning\incheon-v1\evidence\full-crosscheck-20260923\teacher-batch-005.json
kedi:233021370,인천석정초등학교,elem,False,기존(원)교,47,0,0,47,42,5,47,42,5,MATCH,docs\planning\incheon-v1\evidence\full-crosscheck-20260923\teacher-batch-005.json
kedi:233021385,인천석천초등학교,elem,False,기존(원)교,61,0,0,61,54,7,61,54,7,MATCH,docs\planning\incheon-v1\evidence\full-crosscheck-20260923\teacher-batch-005.json
kedi:233021400,인천선학초등학교,elem,False,기존(원)교,47,0,0,47,44,3,47,44,3,MATCH,docs\planning\incheon-v1\evidence\full-crosscheck-20260923\teacher-batch-005.json
kedi:233021408,인천성리초등학교,elem,False,기존(원)교,34,0,0,34,32,2,34,32,2,MATCH,docs\planning\incheon-v1\evidence\full-crosscheck-20260923\teacher-batch-005.json
kedi:233021412,인천소래초등학교,elem,False,기존(원)교,35,0,0,35,31,4,35,31,4,MATCH,docs\planning\incheon-v1\evidence\full-crosscheck-20260923\teacher-batch-005.json
kedi:233021415,인천송도초등학교,elem,False,기존(원)교,28,0,0,28,25,3,28,25,3,MATCH,docs\planning\incheon-v1\evidence\full-crosscheck-20260923\teacher-batch-005.json
kedi:233021423,인천약산초등학교,elem,False,기존(원)교,50,0,0,50,47,3,50,47,3,MATCH,docs\planning\incheon-v1\evidence\full-crosscheck-20260923\teacher-batch-005.json
kedi:233021430,인천연성초등학교,elem,False,기존(원)교,39,0,0,39,36,3,39,36,3,MATCH,docs\planning\incheon-v1\evidence\full-crosscheck-20260923\teacher-batch-005.json
kedi:233021445,인천연수초등학교,elem,False,기존(원)교,29,0,0,29,25,4,29,25,4,MATCH,docs\planning\incheon-v1\evidence\full-crosscheck-20260923\teacher-batch-005.json
kedi:233021460,인천연화초등학교,elem,False,기존(원)교,42,1,0,41,37,4,41,37,4,MATCH,docs\planning\incheon-v1\evidence\full-crosscheck-20260923\teacher-batch-005.json
kedi:233021475,인천옥련초등학교,elem,False,기존(원)교,51,0,0,51,48,3,51,48,3,MATCH,docs\planning\incheon-v1\evidence\full-crosscheck-20260923\teacher-batch-005.json
kedi:233021483,인천인동초등학교,elem,False,기존(원)교,45,0,0,45,40,5,45,40,5,MATCH,docs\planning\incheon-v1\evidence\full-crosscheck-20260923\teacher-batch-005.json
kedi:233021490,인천인수초등학교,elem,False,기존(원)교,28,0,0,28,22,6,28,22,6,MATCH,docs\planning\incheon-v1\evidence\full-crosscheck-20260923\teacher-batch-005.json
kedi:233021505,인천장수초등학교,elem,False,기존(원)교,15,0,0,15,13,2,15,13,2,MATCH,docs\planning\incheon-v1\evidence\full-crosscheck-20260923\teacher-batch-005.json
kedi:233021506,인천장아초등학교,elem,False,기존(원)교,64,0,0,64,59,5,64,59,5,MATCH,docs\planning\incheon-v1\evidence\full-crosscheck-20260923\teacher-batch-005.json
kedi:233021520,인천조동초등학교,elem,False,기존(원)교,26,0,0,26,23,3,26,23,3,MATCH,docs\planning\incheon-v1\evidence\full-crosscheck-20260923\teacher-batch-005.json
kedi:233021535,인천주원초등학교,elem,False,기존(원)교,24,0,0,24,23,1,24,23,1,MATCH,docs\planning\incheon-v1\evidence\full-crosscheck-20260923\teacher-batch-005.json
kedi:233021536,인천먼우금초등학교,elem,False,기존(원)교,45,0,0,45,43,2,45,43,2,MATCH,docs\planning\incheon-v1\evidence\full-crosscheck-20260923\teacher-batch-005.json
kedi:233021550,인천중앙초등학교,elem,False,기존(원)교,33,1,0,32,25,7,32,25,7,MATCH,docs\planning\incheon-v1\evidence\full-crosscheck-20260923\teacher-batch-005.json
kedi:233021565,인천청량초등학교,elem,False,기존(원)교,27,0,0,27,26,1,27,26,1,MATCH,docs\planning\incheon-v1\evidence\full-crosscheck-20260923\teacher-batch-005.json
kedi:233021580,인천청학초등학교,elem,False,기존(원)교,41,0,0,41,36,5,41,36,5,MATCH,docs\planning\incheon-v1\evidence\full-crosscheck-20260923\teacher-batch-005.json
kedi:233021589,인천고잔초등학교,elem,False,기존(원)교,44,0,0,44,39,5,44,39,5,MATCH,docs\planning\incheon-v1\evidence\full-crosscheck-20260923\teacher-batch-005.json
kedi:233021600,인천축현초등학교,elem,False,기존(원)교,25,0,0,25,24,1,25,24,1,MATCH,docs\planning\incheon-v1\evidence\full-crosscheck-20260923\teacher-batch-005.json
kedi:233021601,인천신송초등학교,elem,False,기존(원)교,31,0,0,31,28,3,31,28,3,MATCH,docs\planning\incheon-v1\evidence\full-crosscheck-20260923\teacher-batch-005.json
kedi:233021620,인천함박초등학교,elem,False,기존(원)교,39,0,0,39,35,4,39,35,4,MATCH,docs\planning\incheon-v1\evidence\full-crosscheck-20260923\teacher-batch-005.json
kedi:233021621,인천신월초등학교,elem,False,기존(원)교,26,1,0,25,24,1,25,24,1,MATCH,docs\planning\incheon-v1\evidence\full-crosscheck-20260923\teacher-batch-005.json
kedi:233021622,인천새말초등학교,elem,False,기존(원)교,28,0,0,28,24,4,28,24,4,MATCH,docs\planning\incheon-v1\evidence\full-crosscheck-20260923\teacher-batch-005.json
kedi:233021624,인천서창초등학교,elem,False,기존(원)교,43,0,0,43,39,4,43,39,4,MATCH,docs\planning\incheon-v1\evidence\full-crosscheck-20260923\teacher-batch-005.json
kedi:233021625,인천장도초등학교,elem,False,기존(원)교,23,0,0,23,21,2,23,21,2,MATCH,docs\planning\incheon-v1\evidence\full-crosscheck-20260923\teacher-batch-005.json
kedi:233021626,인천동방초등학교,elem,False,기존(원)교,33,0,0,33,30,3,33,30,3,MATCH,docs\planning\incheon-v1\evidence\full-crosscheck-20260923\teacher-batch-005.json
kedi:233021627,인천논현초등학교,elem,False,기존(원)교,36,0,0,36,33,3,36,33,3,MATCH,docs\planning\incheon-v1\evidence\full-crosscheck-20260923\teacher-batch-005.json
kedi:233021628,인천은봉초등학교,elem,False,기존(원)교,28,0,0,28,25,3,28,25,3,MATCH,docs\planning\incheon-v1\evidence\full-crosscheck-20260923\teacher-batch-005.json
kedi:233021629,인천정각초등학교,elem,False,기존(원)교,46,0,0,46,45,1,46,45,1,MATCH,docs\planning\incheon-v1\evidence\full-crosscheck-20260923\teacher-batch-005.json
kedi:233021630,인천해송초등학교,elem,False,기존(원)교,34,0,0,34,29,5,34,29,5,MATCH,docs\planning\incheon-v1\evidence\full-crosscheck-20260923\teacher-batch-005.json
kedi:233021631,인천상아초등학교,elem,False,기존(원)교,42,1,0,41,36,5,41,36,5,MATCH,docs\planning\incheon-v1\evidence\full-crosscheck-20260923\teacher-batch-006.json
kedi:233021632,인천송명초등학교,elem,False,기존(원)교,60,0,0,60,58,2,60,58,2,MATCH,docs\planning\incheon-v1\evidence\full-crosscheck-20260923\teacher-batch-006.json
kedi:233021633,인천미송초등학교,elem,False,기존(원)교,89,0,0,89,78,11,89,78,11,MATCH,docs\planning\incheon-v1\evidence\full-crosscheck-20260923\teacher-batch-006.json
kedi:233021634,인천은송초등학교,elem,False,기존(원)교,90,0,0,90,82,8,90,82,8,MATCH,docs\planning\incheon-v1\evidence\full-crosscheck-20260923\teacher-batch-006.json
kedi:233021664,인천송담초등학교,elem,False,기존(원)교,56,0,0,56,50,6,56,50,6,MATCH,docs\planning\incheon-v1\evidence\full-crosscheck-20260923\teacher-batch-006.json
kedi:233021800,인천박문초등학교,elem,False,기존(원)교,29,0,0,29,20,9,29,20,9,MATCH,docs\planning\incheon-v1\evidence\full-crosscheck-20260923\teacher-batch-006.json
kedi:233031126,간석여자중학교,mid,False,기존(원)교,29,0,0,29,23,6,29,23,6,MATCH,docs\planning\incheon-v1\evidence\full-crosscheck-20260923\teacher-batch-006.json
kedi:233031152,구월중학교,mid,False,기존(원)교,66,1,0,65,48,17,65,48,17,MATCH,docs\planning\incheon-v1\evidence\full-crosscheck-20260923\teacher-batch-006.json
kedi:233031178,구월여자중학교,mid,False,기존(원)교,56,0,0,56,45,11,56,45,11,MATCH,docs\planning\incheon-v1\evidence\full-crosscheck-20260923\teacher-batch-006.json
kedi:233031204,남동중학교,mid,False,기존(원)교,63,0,0,63,44,19,63,44,19,MATCH,docs\planning\incheon-v1\evidence\full-crosscheck-20260923\teacher-batch-006.json
kedi:233031217,논곡중학교,mid,False,기존(원)교,30,0,0,30,23,7,30,23,7,MATCH,docs\planning\incheon-v1\evidence\full-crosscheck-20260923\teacher-batch-006.json
kedi:233031230,동인천중학교,mid,False,기존(원)교,40,0,0,40,31,9,40,31,9,MATCH,docs\planning\incheon-v1\evidence\full-crosscheck-20260923\teacher-batch-006.json
kedi:233031233,연성중학교,mid,False,기존(원)교,57,0,0,57,45,12,57,45,12,MATCH,docs\planning\incheon-v1\evidence\full-crosscheck-20260923\teacher-batch-006.json
kedi:233031256,만성중학교,mid,False,기존(원)교,41,0,0,41,33,8,41,33,8,MATCH,docs\planning\incheon-v1\evidence\full-crosscheck-20260923\teacher-batch-006.json
kedi:233031282,만수중학교,mid,False,기존(원)교,29,1,0,28,20,8,28,20,8,MATCH,docs\planning\incheon-v1\evidence\full-crosscheck-20260923\teacher-batch-006.json
kedi:233031300,인천사리울중학교,mid,False,기존(원)교,48,0,0,48,36,12,48,36,12,MATCH,docs\planning\incheon-v1\evidence\full-crosscheck-20260923\teacher-batch-006.json
kedi:233031301,인천신정중학교,mid,False,기존(원)교,74,0,0,74,56,18,74,56,18,MATCH,docs\planning\incheon-v1\evidence\full-crosscheck-20260923\teacher-batch-006.json
kedi:233031308,만수북중학교,mid,False,기존(원)교,43,0,0,43,35,8,43,35,8,MATCH,docs\planning\incheon-v1\evidence\full-crosscheck-20260923\teacher-batch-006.json
kedi:233031310,인천예송중학교,mid,False,기존(원)교,60,0,0,60,48,12,60,48,12,MATCH,docs\planning\incheon-v1\evidence\full-crosscheck-20260923\teacher-batch-006.json
kedi:233031324,인천미송중학교,mid,False,기존(원)교,74,0,0,74,54,20,74,54,20,MATCH,docs\planning\incheon-v1\evidence\full-crosscheck-20260923\teacher-batch-006.json
kedi:233031334,만수여자중학교,mid,False,기존(원)교,43,0,0,43,37,6,43,37,6,MATCH,docs\planning\incheon-v1\evidence\full-crosscheck-20260923\teacher-batch-006.json
kedi:233031360,만월중학교,mid,False,기존(원)교,66,0,0,66,50,16,66,50,16,MATCH,docs\planning\incheon-v1\evidence\full-crosscheck-20260923\teacher-batch-006.json
kedi:233031386,상인천중학교,mid,False,기존(원)교,38,0,0,38,30,8,38,30,8,MATCH,docs\planning\incheon-v1\evidence\full-crosscheck-20260923\teacher-batch-006.json
kedi:233031412,상인천여자중학교,mid,False,기존(원)교,38,1,0,37,28,9,37,28,9,MATCH,docs\planning\incheon-v1\evidence\full-crosscheck-20260923\teacher-batch-006.json
kedi:233031438,선학중학교,mid,False,기존(원)교,40,0,0,40,29,11,40,29,11,MATCH,docs\planning\incheon-v1\evidence\full-crosscheck-20260923\teacher-batch-006.json
kedi:233031490,연수중학교,mid,False,기존(원)교,37,0,0,37,26,11,37,26,11,MATCH,docs\planning\incheon-v1\evidence\full-crosscheck-20260923\teacher-batch-006.json
kedi:233031497,연화중학교,mid,False,기존(원)교,53,0,0,53,36,17,53,36,17,MATCH,docs\planning\incheon-v1\evidence\full-crosscheck-20260923\teacher-batch-006.json
kedi:233031503,옥련중학교,mid,False,기존(원)교,33,0,0,33,29,4,33,29,4,MATCH,docs\planning\incheon-v1\evidence\full-crosscheck-20260923\teacher-batch-006.json
kedi:233031516,인송중학교,mid,False,기존(원)교,44,1,0,43,32,11,43,32,11,MATCH,docs\planning\incheon-v1\evidence\full-crosscheck-20260923\teacher-batch-006.json
kedi:233031529,인천여자중학교,mid,False,기존(원)교,42,0,0,42,32,10,42,32,10,MATCH,docs\planning\incheon-v1\evidence\full-crosscheck-20260923\teacher-batch-006.json
kedi:233031536,인천중학교,mid,False,기존(원)교,24,0,0,24,19,5,24,19,5,MATCH,docs\planning\incheon-v1\evidence\full-crosscheck-20260923\teacher-batch-006.json
kedi:233031542,청량중학교,mid,False,기존(원)교,63,0,0,63,47,16,63,47,16,MATCH,docs\planning\incheon-v1\evidence\full-crosscheck-20260923\teacher-batch-006.json
kedi:233031568,청학중학교,mid,False,기존(원)교,33,0,0,33,20,13,33,20,13,MATCH,docs\planning\incheon-v1\evidence\full-crosscheck-20260923\teacher-batch-006.json
kedi:233031587,인천고잔중학교,mid,False,기존(원)교,51,0,0,51,37,14,51,37,14,MATCH,docs\planning\incheon-v1\evidence\full-crosscheck-20260923\teacher-batch-006.json
kedi:233031695,함박중학교,mid,False,기존(원)교,26,0,0,26,19,7,26,19,7,MATCH,docs\planning\incheon-v1\evidence\full-crosscheck-20260923\teacher-batch-006.json
kedi:233031696,석정중학교,mid,False,기존(원)교,49,1,0,48,33,15,48,33,15,MATCH,docs\planning\incheon-v1\evidence\full-crosscheck-20260923\teacher-batch-006.json
kedi:233031697,능허대중학교,mid,False,기존(원)교,65,0,0,65,47,18,65,47,18,MATCH,docs\planning\incheon-v1\evidence\full-crosscheck-20260923\teacher-batch-006.json
kedi:233031698,신송중학교,mid,False,기존(원)교,74,0,0,74,57,17,74,57,17,MATCH,docs\planning\incheon-v1\evidence\full-crosscheck-20260923\teacher-batch-006.json
kedi:233031699,박문중학교,mid,False,기존(원)교,47,1,0,46,30,16,46,30,16,MATCH,docs\planning\incheon-v1\evidence\full-crosscheck-20260923\teacher-batch-006.json
kedi:233031701,인천논현중학교,mid,False,기존(원)교,66,0,0,66,49,17,66,49,17,MATCH,docs\planning\incheon-v1\evidence\full-crosscheck-20260923\teacher-batch-006.json
kedi:233031702,인천성리중학교,mid,False,기존(원)교,58,0,0,58,44,14,58,44,14,MATCH,docs\planning\incheon-v1\evidence\full-crosscheck-20260923\teacher-batch-006.json
kedi:233031703,인천동방중학교,mid,False,기존(원)교,62,1,0,61,51,10,61,51,10,MATCH,docs\planning\incheon-v1\evidence\full-crosscheck-20260923\teacher-batch-006.json
kedi:233031704,인천정각중학교,mid,False,기존(원)교,51,0,0,51,39,12,51,39,12,MATCH,docs\planning\incheon-v1\evidence\full-crosscheck-20260923\teacher-batch-006.json
kedi:233031705,인천서창중학교,mid,False,기존(원)교,52,0,0,52,38,14,52,38,14,MATCH,docs\planning\incheon-v1\evidence\full-crosscheck-20260923\teacher-batch-006.json
kedi:233031706,인천해송중학교,mid,False,기존(원)교,48,0,0,48,39,9,48,39,9,MATCH,docs\planning\incheon-v1\evidence\full-crosscheck-20260923\teacher-batch-006.json
kedi:233031800,숭덕여자중학교,mid,False,기존(원)교,25,0,0,25,15,10,25,15,10,MATCH,docs\planning\incheon-v1\evidence\full-crosscheck-20260923\teacher-batch-006.json
kedi:233031976,인천현송중학교,mid,False,기존(원)교,72,1,0,71,56,15,71,56,15,MATCH,docs\planning\incheon-v1\evidence\full-crosscheck-20260923\teacher-batch-006.json
kedi:234021026,인천단봉초등학교,elem,False,기존(원)교,46,0,0,46,45,1,46,45,1,MATCH,docs\planning\incheon-v1\evidence\full-crosscheck-20260923\teacher-batch-006.json
kedi:234021038,인천한별초등학교,elem,False,기존(원)교,93,0,0,93,87,6,93,87,6,MATCH,docs\planning\incheon-v1\evidence\full-crosscheck-20260923\teacher-batch-006.json
kedi:234021059,인천신검단초등학교,elem,False,신설(원)교,102,0,0,102,94,8,102,94,8,MATCH,docs\planning\incheon-v1\evidence\full-crosscheck-20260923\teacher-query-resolution.json
kedi:234021085,인천도담초등학교,elem,False,기존(원)교,35,0,0,35,31,4,35,31,4,MATCH,docs\planning\incheon-v1\evidence\full-crosscheck-20260923\teacher-batch-006.json
kedi:234021086,인천가원초등학교,elem,False,기존(원)교,86,0,0,86,83,3,86,83,3,MATCH,docs\planning\incheon-v1\evidence\full-crosscheck-20260923\teacher-batch-006.json
kedi:234021107,인천해든초등학교,elem,False,기존(원)교,91,0,0,91,84,7,91,84,7,MATCH,docs\planning\incheon-v1\evidence\full-crosscheck-20260923\teacher-batch-006.json
kedi:234021108,인천가석초등학교,elem,False,기존(원)교,21,0,0,21,19,2,21,19,2,MATCH,docs\planning\incheon-v1\evidence\full-crosscheck-20260923\teacher-batch-006.json
kedi:234021112,인천가현초등학교,elem,False,기존(원)교,107,0,0,107,95,12,107,95,12,MATCH,docs\planning\incheon-v1\evidence\full-crosscheck-20260923\teacher-batch-006.json
kedi:234021116,인천가정초등학교,elem,False,기존(원)교,42,1,0,41,37,4,41,37,4,MATCH,docs\planning\incheon-v1\evidence\full-crosscheck-20260923\teacher-batch-006.json
kedi:234021124,인천가좌초등학교,elem,False,기존(원)교,29,0,0,29,26,3,29,26,3,MATCH,docs\planning\incheon-v1\evidence\full-crosscheck-20260923\teacher-batch-006.json
kedi:234021147,인천경명초등학교,elem,False,기존(원)교,50,0,0,50,45,5,50,45,5,MATCH,docs\planning\incheon-v1\evidence\full-crosscheck-20260923\teacher-batch-006.json
kedi:234021148,인천건지초등학교,elem,False,기존(원)교,22,1,0,21,17,4,21,17,4,MATCH,docs\planning\incheon-v1\evidence\full-crosscheck-20260923\teacher-batch-006.json
kedi:234021152,인천검단초등학교,elem,False,기존(원)교,45,0,0,45,38,7,45,38,7,MATCH,docs\planning\incheon-v1\evidence\full-crosscheck-20260923\teacher-batch-006.json
kedi:234021154,인천공촌초등학교,elem,False,기존(원)교,24,1,0,23,20,3,23,20,3,MATCH,docs\planning\incheon-v1\evidence\full-crosscheck-20260923\teacher-batch-006.json
kedi:234021167,인천금곡초등학교,elem,False,기존(원)교,25,0,0,25,21,4,25,21,4,MATCH,docs\planning\incheon-v1\evidence\full-crosscheck-20260923\teacher-batch-006.json
kedi:234021170,인천당하초등학교,elem,False,기존(원)교,48,0,0,48,39,9,48,39,9,MATCH,docs\planning\incheon-v1\evidence\full-crosscheck-20260923\teacher-batch-006.json
kedi:234021202,인천마전초등학교,elem,False,기존(원)교,53,1,0,52,47,5,52,47,5,MATCH,docs\planning\incheon-v1\evidence\full-crosscheck-20260923\teacher-batch-006.json
kedi:234021205,인천목향초등학교,elem,False,기존(원)교,33,0,0,33,29,4,33,29,4,MATCH,docs\planning\incheon-v1\evidence\full-crosscheck-20260923\teacher-batch-006.json
kedi:234021212,인천백석초등학교,elem,False,기존(원)교,44,0,0,44,40,4,44,40,4,MATCH,docs\planning\incheon-v1\evidence\full-crosscheck-20260923\teacher-batch-006.json
kedi:234021220,인천봉수초등학교,elem,False,기존(원)교,75,0,0,75,70,5,75,70,5,MATCH,docs\planning\incheon-v1\evidence\full-crosscheck-20260923\teacher-batch-006.json
kedi:234021300,인천청라초등학교,elem,False,기존(원)교,72,0,0,72,68,4,72,68,4,MATCH,docs\planning\incheon-v1\evidence\full-crosscheck-20260923\teacher-batch-006.json
kedi:234021301,인천초은초등학교,elem,False,기존(원)교,55,1,0,54,49,5,54,49,5,MATCH,docs\planning\incheon-v1\evidence\full-crosscheck-20260923\teacher-batch-006.json
kedi:234021302,인천불로초등학교,elem,False,기존(원)교,43,1,0,42,38,4,42,38,4,MATCH,docs\planning\incheon-v1\evidence\full-crosscheck-20260923\teacher-batch-006.json
kedi:234021341,인천이음초등학교,elem,False,기존(원)교,113,0,0,113,104,9,113,104,9,MATCH,docs\planning\incheon-v1\evidence\full-crosscheck-20260923\teacher-batch-006.json
kedi:234021364,인천서곶초등학교,elem,False,기존(원)교,31,0,0,31,26,5,31,26,5,MATCH,docs\planning\incheon-v1\evidence\full-crosscheck-20260923\teacher-batch-006.json
kedi:234021388,인천석남초등학교,elem,False,기존(원)교,41,0,0,41,39,2,41,39,2,MATCH,docs\planning\incheon-v1\evidence\full-crosscheck-20260923\teacher-batch-006.json
kedi:234021396,인천석남서초등학교,elem,False,기존(원)교,25,0,0,25,25,0,25,25,0,MATCH,docs\planning\incheon-v1\evidence\full-crosscheck-20260923\teacher-batch-006.json
kedi:234021428,인천신석초등학교,elem,False,기존(원)교,27,0,0,27,25,2,27,25,2,MATCH,docs\planning\incheon-v1\evidence\full-crosscheck-20260923\teacher-batch-006.json
kedi:234021444,인천신현초등학교,elem,False,기존(원)교,29,0,0,29,26,3,29,26,3,MATCH,docs\planning\incheon-v1\evidence\full-crosscheck-20260923\teacher-batch-006.json
kedi:234021452,인천신현북초등학교,elem,False,기존(원)교,29,0,0,29,25,4,29,25,4,MATCH,docs\planning\incheon-v1\evidence\full-crosscheck-20260923\teacher-batch-006.json
kedi:234021456,인천심곡초등학교,elem,False,기존(원)교,23,0,0,23,22,1,23,22,1,MATCH,docs\planning\incheon-v1\evidence\full-crosscheck-20260923\teacher-batch-006.json
kedi:234021474,인천양지초등학교,elem,False,기존(원)교,25,0,0,25,23,2,25,23,2,MATCH,docs\planning\incheon-v1\evidence\full-crosscheck-20260923\teacher-batch-006.json
kedi:234021496,인천창신초등학교,elem,False,기존(원)교,39,0,0,39,32,7,39,32,7,MATCH,docs\planning\incheon-v1\evidence\full-crosscheck-20260923\teacher-batch-006.json
kedi:234021508,인천천마초등학교,elem,False,기존(원)교,22,2,0,20,17,3,20,17,3,MATCH,docs\planning\incheon-v1\evidence\full-crosscheck-20260923\teacher-batch-007.json
kedi:234021555,인천해원초등학교,elem,False,기존(원)교,101,0,0,101,95,6,101,95,6,MATCH,docs\planning\incheon-v1\evidence\full-crosscheck-20260923\teacher-batch-007.json
kedi:234021557,인천경연초등학교,elem,False,기존(원)교,66,2,0,64,59,5,64,59,5,MATCH,docs\planning\incheon-v1\evidence\full-crosscheck-20260923\teacher-batch-007.json
kedi:234021558,인천간재울초등학교,elem,False,기존(원)교,60,1,0,59,55,4,59,55,4,MATCH,docs\planning\incheon-v1\evidence\full-crosscheck-20260923\teacher-batch-007.json
kedi:234021559,인천검암초등학교,elem,False,기존(원)교,22,0,0,22,18,4,22,18,4,MATCH,docs\planning\incheon-v1\evidence\full-crosscheck-20260923\teacher-batch-007.json
kedi:234021560,인천발산초등학교,elem,False,기존(원)교,36,0,0,36,32,4,36,32,4,MATCH,docs\planning\incheon-v1\evidence\full-crosscheck-20260923\teacher-batch-007.json
kedi:234021561,인천봉화초등학교,elem,False,기존(원)교,33,0,0,33,32,1,33,32,1,MATCH,docs\planning\incheon-v1\evidence\full-crosscheck-20260923\teacher-batch-007.json
kedi:234021562,인천은지초등학교,elem,False,기존(원)교,30,0,0,30,23,7,30,23,7,MATCH,docs\planning\incheon-v1\evidence\full-crosscheck-20260923\teacher-batch-007.json
kedi:234021565,인천가림초등학교,elem,False,기존(원)교,23,0,0,23,20,3,23,20,3,MATCH,docs\planning\incheon-v1\evidence\full-crosscheck-20260923\teacher-batch-007.json
kedi:234021566,인천왕길초등학교,elem,False,기존(원)교,40,1,0,39,36,3,39,36,3,MATCH,docs\planning\incheon-v1\evidence\full-crosscheck-20260923\teacher-batch-007.json
kedi:234021601,인천경서초등학교,elem,False,기존(원)교,43,1,0,42,37,5,42,37,5,MATCH,docs\planning\incheon-v1\evidence\full-crosscheck-20260923\teacher-batch-007.json
kedi:234021602,인천원당초등학교,elem,False,기존(원)교,28,1,0,27,24,3,27,24,3,MATCH,docs\planning\incheon-v1\evidence\full-crosscheck-20260923\teacher-batch-007.json
kedi:234021603,인천능내초등학교,elem,False,기존(원)교,36,0,0,36,34,2,36,34,2,MATCH,docs\planning\incheon-v1\evidence\full-crosscheck-20260923\teacher-batch-007.json
kedi:234021606,인천완정초등학교,elem,False,기존(원)교,30,0,0,30,26,4,30,26,4,MATCH,docs\planning\incheon-v1\evidence\full-crosscheck-20260923\teacher-batch-007.json
kedi:234021607,인천청일초등학교,elem,False,기존(원)교,46,0,0,46,42,4,46,42,4,MATCH,docs\planning\incheon-v1\evidence\full-crosscheck-20260923\teacher-batch-007.json
kedi:234021608,인천청람초등학교,elem,False,기존(원)교,68,0,0,68,63,5,68,63,5,MATCH,docs\planning\incheon-v1\evidence\full-crosscheck-20260923\teacher-batch-007.json
kedi:234021675,인천아람초등학교,elem,False,기존(원)교,70,0,0,70,63,7,70,63,7,MATCH,docs\planning\incheon-v1\evidence\full-crosscheck-20260923\teacher-batch-007.json
kedi:234021736,인천한들초등학교,elem,False,기존(원)교,57,2,0,55,48,7,55,48,7,MATCH,docs\planning\incheon-v1\evidence\full-crosscheck-20260923\teacher-batch-007.json
kedi:234021811,인천청호초등학교,elem,False,기존(원)교,31,0,0,31,29,2,31,29,2,MATCH,docs\planning\incheon-v1\evidence\full-crosscheck-20260923\teacher-batch-007.json
kedi:234021879,인천검단호수초등학교,elem,False,신설(원)교,43,0,0,43,40,3,43,40,3,MATCH,docs\planning\incheon-v1\evidence\full-crosscheck-20260923\teacher-batch-007.json
kedi:234021887,인천아라초등학교,elem,False,기존(원)교,69,0,0,69,65,4,69,65,4,MATCH,docs\planning\incheon-v1\evidence\full-crosscheck-20260923\teacher-batch-007.json
kedi:234031084,인천청람중학교,mid,False,기존(원)교,59,0,0,59,46,13,59,46,13,MATCH,docs\planning\incheon-v1\evidence\full-crosscheck-20260923\teacher-batch-007.json
kedi:234031116,가정여자중학교,mid,False,기존(원)교,24,0,0,24,20,4,24,20,4,MATCH,docs\planning\incheon-v1\evidence\full-crosscheck-20260923\teacher-batch-007.json
kedi:234031132,가좌중학교,mid,False,기존(원)교,35,1,0,34,25,9,34,25,9,MATCH,docs\planning\incheon-v1\evidence\full-crosscheck-20260923\teacher-batch-007.json
kedi:234031148,인천가좌여자중학교,mid,False,기존(원)교,35,0,0,35,26,9,35,26,9,MATCH,docs\planning\incheon-v1\evidence\full-crosscheck-20260923\teacher-batch-007.json
kedi:234031172,검단중학교,mid,False,기존(원)교,62,0,0,62,45,17,62,45,17,MATCH,docs\planning\incheon-v1\evidence\full-crosscheck-20260923\teacher-batch-007.json
kedi:234031176,검암중학교,mid,False,기존(원)교,28,0,0,28,22,6,28,22,6,MATCH,docs\planning\incheon-v1\evidence\full-crosscheck-20260923\teacher-batch-007.json
kedi:234031234,인천당하중학교,mid,False,기존(원)교,63,0,0,63,52,11,63,52,11,MATCH,docs\planning\incheon-v1\evidence\full-crosscheck-20260923\teacher-batch-007.json
kedi:234031244,동인천여자중학교,mid,False,기존(원)교,29,0,0,29,22,7,29,22,7,MATCH,docs\planning\incheon-v1\evidence\full-crosscheck-20260923\teacher-batch-007.json
kedi:234031274,인천이음중학교,mid,False,기존(원)교,103,2,0,101,66,35,101,66,35,MATCH,docs\planning\incheon-v1\evidence\full-crosscheck-20260923\teacher-batch-007.json
kedi:234031294,인천청호중학교,mid,False,기존(원)교,32,0,0,32,25,7,32,25,7,MATCH,docs\planning\incheon-v1\evidence\full-crosscheck-20260923\teacher-batch-007.json
kedi:234031303,인천청라중학교,mid,False,기존(원)교,67,0,0,67,48,19,67,48,19,MATCH,docs\planning\incheon-v1\evidence\full-crosscheck-20260923\teacher-batch-007.json
kedi:234031426,불로중학교,mid,False,기존(원)교,62,0,0,62,49,13,62,49,13,MATCH,docs\planning\incheon-v1\evidence\full-crosscheck-20260923\teacher-batch-007.json
kedi:234031428,백석중학교,mid,False,기존(원)교,42,0,0,42,31,11,42,31,11,MATCH,docs\planning\incheon-v1\evidence\full-crosscheck-20260923\teacher-batch-007.json
kedi:234031476,서곶중학교,mid,False,기존(원)교,44,0,0,44,31,13,44,31,13,MATCH,docs\planning\incheon-v1\evidence\full-crosscheck-20260923\teacher-batch-007.json
kedi:234031484,신현중학교,mid,False,기존(원)교,33,0,0,33,27,6,33,27,6,MATCH,docs\planning\incheon-v1\evidence\full-crosscheck-20260923\teacher-batch-007.json
kedi:234031500,신현여자중학교,mid,False,기존(원)교,40,0,0,40,33,7,40,33,7,MATCH,docs\planning\incheon-v1\evidence\full-crosscheck-20260923\teacher-batch-007.json
kedi:234031521,인천초은중학교,mid,False,기존(원)교,64,1,0,63,46,17,63,46,17,MATCH,docs\planning\incheon-v1\evidence\full-crosscheck-20260923\teacher-batch-007.json
kedi:234031532,제물포중학교,mid,False,기존(원)교,41,0,0,41,30,11,41,30,11,MATCH,docs\planning\incheon-v1\evidence\full-crosscheck-20260923\teacher-batch-007.json
kedi:234031557,인천경연중학교,mid,False,기존(원)교,46,0,0,46,31,15,46,31,15,MATCH,docs\planning\incheon-v1\evidence\full-crosscheck-20260923\teacher-batch-007.json
kedi:234031577,인천단봉중학교,mid,False,신설(원)교,27,0,0,27,19,8,27,19,8,MATCH,docs\planning\incheon-v1\evidence\full-crosscheck-20260923\teacher-batch-007.json
kedi:234031583,간재울중학교,mid,False,기존(원)교,65,0,0,65,48,17,65,48,17,MATCH,docs\planning\incheon-v1\evidence\full-crosscheck-20260923\teacher-batch-007.json
kedi:234031584,마전중학교,mid,False,기존(원)교,86,4,0,82,58,24,82,58,24,MATCH,docs\planning\incheon-v1\evidence\full-crosscheck-20260923\teacher-batch-007.json
kedi:234031585,원당중학교,mid,False,기존(원)교,71,0,0,71,51,20,71,51,20,MATCH,docs\planning\incheon-v1\evidence\full-crosscheck-20260923\teacher-batch-007.json
kedi:234031588,인천가현중학교,mid,False,기존(원)교,59,3,0,56,45,11,56,45,11,MATCH,docs\planning\incheon-v1\evidence\full-crosscheck-20260923\teacher-batch-007.json
kedi:234031589,인천석남중학교,mid,False,기존(원)교,35,0,0,35,24,11,35,24,11,MATCH,docs\planning\incheon-v1\evidence\full-crosscheck-20260923\teacher-batch-007.json
kedi:234031642,인천검단가온중학교,mid,False,신설(원)교,54,0,0,54,38,16,54,38,16,MATCH,docs\planning\incheon-v1\evidence\full-crosscheck-20260923\teacher-batch-007.json
kedi:234031658,인천해원중학교,mid,False,기존(원)교,62,2,0,60,48,12,60,48,12,MATCH,docs\planning\incheon-v1\evidence\full-crosscheck-20260923\teacher-batch-007.json
kedi:234031820,인천루원중학교,mid,False,기존(원)교,62,1,0,61,44,17,61,44,17,MATCH,docs\planning\incheon-v1\evidence\full-crosscheck-20260923\teacher-batch-007.json
kedi:234031833,인천아라중학교,mid,False,기존(원)교,94,0,0,94,71,23,94,71,23,MATCH,docs\planning\incheon-v1\evidence\full-crosscheck-20260923\teacher-batch-007.json
kedi:236021116,갑룡초등학교,elem,False,기존(원)교,32,0,0,32,31,1,32,31,1,MATCH,docs\planning\incheon-v1\evidence\full-crosscheck-20260923\teacher-batch-007.json
kedi:236021132,강화초등학교,elem,False,기존(원)교,21,0,0,21,19,2,21,19,2,MATCH,docs\planning\incheon-v1\evidence\full-crosscheck-20260923\teacher-batch-007.json
kedi:236021164,교동초등학교,elem,False,기존(원)교,13,0,0,13,13,0,13,13,0,MATCH,docs\planning\incheon-v1\evidence\full-crosscheck-20260923\teacher-batch-007.json
kedi:236021180,길상초등학교,elem,False,기존(원)교,19,0,0,19,17,2,19,17,2,MATCH,docs\planning\incheon-v1\evidence\full-crosscheck-20260923\teacher-batch-007.json
kedi:236021212,내가초등학교,elem,False,기존(원)교,14,0,0,14,11,3,14,11,3,MATCH,docs\planning\incheon-v1\evidence\full-crosscheck-20260923\teacher-batch-007.json
kedi:236021228,대월초등학교,elem,False,기존(원)교,16,0,0,16,15,1,16,15,1,MATCH,docs\planning\incheon-v1\evidence\full-crosscheck-20260923\teacher-batch-007.json
kedi:236021260,명신초등학교,elem,False,기존(원)교,11,0,0,11,9,2,11,9,2,MATCH,docs\planning\incheon-v1\evidence\full-crosscheck-20260923\teacher-batch-007.json
kedi:236021292,불은초등학교,elem,False,기존(원)교,13,1,0,12,10,2,12,10,2,MATCH,docs\planning\incheon-v1\evidence\full-crosscheck-20260923\teacher-batch-007.json
kedi:236021308,삼산초등학교,elem,False,기존(원)교,10,0,0,10,7,3,10,7,3,MATCH,docs\planning\incheon-v1\evidence\full-crosscheck-20260923\teacher-batch-007.json
kedi:236021324,삼성초등학교,elem,False,기존(원)교,11,0,0,11,9,2,11,9,2,MATCH,docs\planning\incheon-v1\evidence\full-crosscheck-20260923\teacher-batch-007.json
kedi:236021340,서도초등학교,elem,False,기존(원)교,1,0,0,1,1,0,1,1,0,MATCH,docs\planning\incheon-v1\evidence\full-crosscheck-20260923\teacher-batch-007.json
kedi:236021372,선원초등학교,elem,False,기존(원)교,20,0,0,20,19,1,20,19,1,MATCH,docs\planning\incheon-v1\evidence\full-crosscheck-20260923\teacher-batch-007.json
kedi:236021404,송해초등학교,elem,False,기존(원)교,11,0,0,11,10,1,11,10,1,MATCH,docs\planning\incheon-v1\evidence\full-crosscheck-20260923\teacher-batch-007.json
kedi:236021452,양도초등학교,elem,False,기존(원)교,12,0,0,12,10,2,12,10,2,MATCH,docs\planning\incheon-v1\evidence\full-crosscheck-20260923\teacher-batch-007.json
kedi:236021468,양사초등학교,elem,False,기존(원)교,13,0,0,13,11,2,13,11,2,MATCH,docs\planning\incheon-v1\evidence\full-crosscheck-20260923\teacher-batch-007.json
kedi:236021484,조산초등학교,elem,False,기존(원)교,13,0,0,13,11,2,13,11,2,MATCH,docs\planning\incheon-v1\evidence\full-crosscheck-20260923\teacher-batch-007.json
kedi:236021516,하점초등학교,elem,False,기존(원)교,12,0,0,12,10,2,12,10,2,MATCH,docs\planning\incheon-v1\evidence\full-crosscheck-20260923\teacher-batch-007.json
kedi:236021532,합일초등학교,elem,False,기존(원)교,19,0,0,19,18,1,19,18,1,MATCH,docs\planning\incheon-v1\evidence\full-crosscheck-20260923\teacher-batch-007.json
kedi:236021548,해명초등학교,elem,False,기존(원)교,6,0,0,6,6,0,6,6,0,MATCH,docs\planning\incheon-v1\evidence\full-crosscheck-20260923\teacher-batch-007.json
kedi:236021564,화도초등학교,elem,False,기존(원)교,14,1,0,13,10,3,13,10,3,MATCH,docs\planning\incheon-v1\evidence\full-crosscheck-20260923\teacher-batch-007.json
kedi:236031162,강남중학교,mid,False,기존(원)교,21,0,0,21,19,2,21,19,2,MATCH,docs\planning\incheon-v1\evidence\full-crosscheck-20260923\teacher-batch-007.json
kedi:236031224,강서중학교,mid,False,기존(원)교,15,0,0,15,12,3,15,12,3,MATCH,docs\planning\incheon-v1\evidence\full-crosscheck-20260923\teacher-batch-007.json
kedi:236031286,강화중학교,mid,False,기존(원)교,39,0,0,39,35,4,39,35,4,MATCH,docs\planning\incheon-v1\evidence\full-crosscheck-20260923\teacher-batch-007.json
kedi:236031348,강화여자중학교,mid,False,기존(원)교,41,0,0,41,34,7,41,34,7,MATCH,docs\planning\incheon-v1\evidence\full-crosscheck-20260923\teacher-batch-007.json
kedi:236031410,교동중학교,mid,False,기존(원)교,7,0,0,7,7,0,7,7,0,MATCH,docs\planning\incheon-v1\evidence\full-crosscheck-20260923\teacher-batch-007.json
kedi:236031472,서도중학교,mid,False,기존(원)교,5,0,0,5,5,0,5,5,0,MATCH,docs\planning\incheon-v1\evidence\full-crosscheck-20260923\teacher-batch-007.json
kedi:236031534,심도중학교,mid,False,기존(원)교,14,0,0,14,13,1,14,13,1,MATCH,docs\planning\incheon-v1\evidence\full-crosscheck-20260923\teacher-batch-007.json
kedi:236031700,동광중학교,mid,False,기존(원)교,13,0,0,13,8,5,13,8,5,MATCH,docs\planning\incheon-v1\evidence\full-crosscheck-20260923\teacher-batch-007.json
kedi:236031900,승영중학교,mid,False,기존(원)교,13,0,0,13,7,6,13,7,6,MATCH,docs\planning\incheon-v1\evidence\full-crosscheck-20260923\teacher-batch-007.json
kedi:233031495,인천은송중학교,mid,False,기존(원)교,55,0,0,55,40,15,55,40,15,MATCH,docs\planning\incheon-v1\evidence\schoolinfo-followup-20260923\schoolinfo-mcp-responses.json
kedi:231021543,인천하늘초등학교,elem,False,기존(원)교,82,1,0,81,73,8,81,73,8,MATCH,docs\planning\incheon-v1\evidence\schoolinfo-followup-20260923\schoolinfo-additional-teachers.json
kedi:233021041,인천새봄초등학교,elem,False,기존(원)교,39,0,0,39,33,6,39,33,6,MATCH,docs\planning\incheon-v1\evidence\schoolinfo-followup-20260923\schoolinfo-additional-teachers.json
